Series Name,Series Code,Country Name,Country Code,1992 [YR1992],1993 [YR1993],1994 [YR1994],1995 [YR1995],1996 [YR1996],1997 [YR1997],1998 [YR1998],1999 [YR1999],2000 [YR2000],2001 [YR2001],2002 [YR2002],2003 [YR2003],2004 [YR2004],2005 [YR2005],2006 [YR2006],2007 [YR2007],2008 [YR2008],2009 [YR2009],2010 [YR2010],2011 [YR2011],2012 [YR2012],2013 [YR2013],2014 [YR2014],2015 [YR2015],2016 [YR2016],2017 [YR2017],2018 [YR2018],2019 [YR2019]
Gross fixed capital formation (annual % growth),NE.GDI.FTOT.KD.ZG,Afghanistan,AFG,..,..,..,..,..,..,..,..,..,..,..,..,..,..,..,..,..,..,..,..,..,..,..,..,..,..,..,..
Gross fixed capital formation (annual % growth),NE.GDI.FTOT.KD.ZG,Albania,ALB,..,..,..,..,..,-20.6186958942293,12.8095145006079,37.2699725542746,42.6253312466777,22.7126422820943,5.1711620495003,7.88520004133724,11.7980324129062,7.05841324155271,7.56970751446575,4.63651168957647,4.41666805497447,0.976360501374486,-8.46911422649312,5.9433056404727,-7.85825375847989,-1.9758642091881,-4.54764912453682,3.50032595218136,2.42755116173186,6.03434011524429,2.3463225006962,-3.56404756713917
Gross fixed capital formation (annual % growth),NE.GDI.FTOT.KD.ZG,Algeria,DZA,-8.29431538939626,-6.06637118955391,4.4048042504642,0.836703675479981,-3.60783499436121,-3.87348842528924,20.8748700550093,-2.05913461281749,5.4302394477551,6.29999999795656,8.39999999923107,4.30000000322504,8.19999999724797,8.10000000205741,6.19999999876948,10.1000000002929,12.4000000004163,8.7999999992592,7.00000000104023,2.90000000007512,7.19999999927852,8.59999134686799,6.40000782034022,5.70000235752897,3.49999833048274,3.40000000112819,2.50000000026817,-3.60000000026312
Gross fixed capital formation (annual % growth),NE.GDI.FTOT.KD.ZG,American Samoa,ASM,..,..,..,..,..,..,..,..,..,..,..,..,..,..,..,..,..,..,..,..,..,..,..,..,..,..,..,..
Gross fixed capital formation (annual % growth),NE.GDI.FTOT.KD.ZG,Andorra,AND,..,..,..,..,..,..,..,..,..,..,..,..,..,..,..,..,..,..,..,..,..,..,..,..,..,..,..,..
Gross fixed capital formation (annual % growth),NE.GDI.FTOT.KD.ZG,Angola,AGO,..,..,..,..,..,..,..,..,..,..,..,11.6703247947113,19.0919907782424,14.212604764621,-2.64598111934417,16.3840310795416,22.6733400135857,9.21382388466282,-8.86709647333646,10.2742634255397,7.34926042648085,1.65625816974033,3.30887966051678,-19.0307527135056,-6.03331231875566,8.77300665081219,-5.2613310087855,-2.06909102009529
Gross fixed capital formation (annual % growth),NE.GDI.FTOT.KD.ZG,Antigua and Barbuda,ATG,..,..,..,..,..,..,..,..,..,..,..,..,..,..,..,..,..,..,..,..,..,..,..,..,..,..,..,..
Gross fixed capital formation (annual % growth),NE.GDI.FTOT.KD.ZG,Argentina,ARG,32.6434665462427,13.6231386335705,13.6722674997883,-13.0840546642831,8.88330752686663,17.6628635760303,6.54396771272823,-12.6098546027334,-6.8042601361996,-15.6610502355732,-36.4475779912195,38.1661814013496,34.4252036961774,15.8283723953056,14.4728160245337,20.4531987245096,8.69543468108299,-22.5728525826975,26.2545837882007,17.3779623127791,-7.07520117916177,2.33948967147784,-6.75554748075416,3.46250474757086,-5.77846916419638,13.3805740859889,-5.74564798251551,-15.9515523980566
Gross fixed capital formation (annual % growth),NE.GDI.FTOT.KD.ZG,Armenia,ARM,..,..,..,-15.4409317857931,8.59504128798353,3.10379628822545,11.9549229705233,0.0376746253020457,16.6179012595121,5.75865722588489,33.2264593412268,27.6840574101283,19.0772516358879,29.1528804258817,33.738410335577,18.1681065111446,11.9012787584061,-25.3516049722065,-2.89993890219287,-11.1999887907558,-1.71783222498753,-7,-2.2,2.49999999481302,-11.3999999915837,9.70000000090184,4.79999999000344,4.40000000811627
Gross fixed capital formation (annual % growth),NE.GDI.FTOT.KD.ZG,Aruba,ABW,..,..,..,..,..,..,..,..,..,..,..,..,..,..,..,..,..,..,..,..,..,..,..,..,..,..,..,..
Gross fixed capital formation (annual % growth),NE.GDI.FTOT.KD.ZG,Australia,AUS,-3.99742181025751,6.6352074581343,5.79300833483241,11.0252733363184,2.73683780624148,6.63821033173659,9.73565141214243,4.44041512382375,8.09382280354376,-7.94403069284586,9.1251940835172,12.5673504996761,8.73511909711712,6.09486751219035,8.2734082612983,4.51938133128816,8.76258321931682,1.52385102101533,1.74833404094289,3.60031839550436,11.6034822048127,2.89165748088638,-1.88890731601312,-3.69161420688583,-3.64287443511944,-0.0397803288367555,4.84046976224937,-1.25343876550068
Gross fixed capital formation (annual % growth),NE.GDI.FTOT.KD.ZG,Austria,AUT,0.136946293812045,-1.22393146435633,5.14581214523983,0.191927433541707,4.37573601140294,0.740084525763749,3.42991551390837,1.22572290074814,5.82858836624582,-1.11055818626224,-2.86571372062906,3.84274233953752,0.940608939200189,0.252778802151951,1.15071410969205,4.64431321253895,1.6068948855992,-7.17763857106019,-2.58653639367678,6.64982997026975,0.90590672190298,1.5640882032328,-0.402952708931807,2.3015223380817,4.30583003509955,4.2365819058269,4.355438285863,4.54657328030099
Gross fixed capital formation (annual % growth),NE.GDI.FTOT.KD.ZG,Azerbaijan,AZE,-40.0000268337515,-38.9999682467132,88.9999222847691,18.6014666360471,111.399970039844,38.9999891696695,23.0000062332842,26.6594240637518,-7.82629514795178,11.6001002408897,67.1958138677819,74.0857418863355,25.1211240911278,-1.3426432992909,2.73338552842699,-9.31738023666092,1.60576502598326,-9.01509504809562,4.34200149680149,11.9725325388703,2.19999726037308,19.4473189817408,1.38415868999131,..,..,..,..,..
Gross fixed capital formation (annual % growth),NE.GDI.FTOT.KD.ZG,"Bahamas, The",BHS,0.107504716467943,-20.6067269910964,19.2026583402238,10.7248302547207,13.7506839296828,38.2411432138857,27.2047457910348,-10.8591415153207,16.2282398452611,-10.1518357384558,4.3306270589221,5.69920152846642,-8.47316644005438,22.8171204865602,20.3821497435022,-3.33316587221141,-7.71152035413381,-13.8421176416029,-7.80481053149606,13.5840464394736,30.1813709292506,-10.4708453782698,12.3396587787606,-18.7580618024788,5.3744067650358,9.98408102300718,-4.66887249573378,2.88222430490472
Gross fixed capital formation (annual % growth),NE.GDI.FTOT.KD.ZG,Bahrain,BHR,..,..,..,..,..,..,..,..,..,-9.44397778711092,36.0147382795893,15.2259983329545,-3.33906009814963,30.8132563420048,24.3034156362549,37.7033147495371,18.5972494939175,-29.4437701552858,14.2936896619024,-12.4890295576479,9.84189795066345,16.9195048997736,5.86630672141226,-8.52780967130383,10.7805646979836,10.5736768082002,9.40736658673538,-2.76814253742316
Gross fixed capital formation (annual % growth),NE.GDI.FTOT.KD.ZG,Bangladesh,BGD,4.00749256147674,11.1640026020164,9.23754348287866,9.60816265733666,11.9516758089947,6.45944540252268,9.11316358459835,8.58660159128588,7.11769036613586,7.93472180606334,7.42011277189299,7.65735399884753,8.20857983650676,9.76363989566505,9.88795337593726,7.14686747554698,9.81510592516896,7.38814464911232,8.56462188930213,9.56094712820754,10.5677295517183,5.36464179057943,9.85505132803732,7.11880073316722,8.90937215068219,8.35957365935379,12.1329012241134,6.88028023686613
Gross fixed capital formation (annual % growth),NE.GDI.FTOT.KD.ZG,Barbados,BRB,..,..,..,..,..,..,..,..,..,..,..,..,..,..,..,..,..,..,..,..,..,..,..,..,..,..,..,..
Gross fixed capital formation (annual % growth),NE.GDI.FTOT.KD.ZG,Belarus,BLR,-18.5999985686904,-7.60000852929404,-13.6999908418452,-29.6000011025452,-3.10000978822096,21.6999975911052,10.1000225754382,-3.99998102736066,2.29997943082377,-2.27029657159163,6.69896919189712,20.6015922100563,19.8942934418916,19.5032689991133,31.6003717889611,16.3997591321665,23.7999264117343,5.00004948552095,17.7929776510025,13.8091853817587,-11.4440440879897,8.97084864685642,-5.84145383606803,-15.4615534738486,-14.5004905638599,5.53849269296973,2.59354013431403,6.15317477634738
Gross fixed capital formation (annual % growth),NE.GDI.FTOT.KD.ZG,Belgium,BEL,1.08490097135476,-2.51829692527589,0.383784996772135,3.3930708224418,0.553215347136444,6.69910130396451,2.25196617349188,4.09524053602199,4.9691815738252,1.62608580479244,-4.13036218052278,-0.131979551666035,9.02985942334359,5.73778806637881,1.9054436503046,7.2819242732016,1.90692839399502,-6.62266204761684,0.00697543818166935,5.22021932085251,0.648734159437609,-2.26966505361041,5.35647179899553,3.74152462439477,4.15534090160928,1.40229629027613,3.03742132359417,5.05356642120994
Gross fixed capital formation (annual % growth),NE.GDI.FTOT.KD.ZG,Belize,BLZ,5.07932791133821,14.0908240219716,-23.5472872236639,9.54913594172176,-3.76685495191373,-0.569230664457521,-1.71785466380199,36.9041915353361,30.9051165655592,-6.24737561669765,-5.36125175541,-14.0035679814444,-5.38241814501642,7.92051839700711,1.82476249317966,9.29284094916841,22.6301286657239,-25.6151653982113,-18.4311713930659,1.03680348677145,-3.50183999574756,18.148781348662,18.6805056330102,4.87442351377527,13.6766511144422,-14.0983476608256,5.90687976720525,5.64961835356823
Gross fixed capital formation (annual % growth),NE.GDI.FTOT.KD.ZG,Benin,BEN,6.52024108990578,8.30184536669411,-2.018713678673,15.4200491871603,1.55176924203676,8.33935152748413,4.25010571476463,7.47404551179514,-0.442577578181201,16.3558397792836,-4.8565670961607,8.11537885302975,-1.95383821898194,-8.3892650816845,-1.67025743532767,24.8015482398303,1.01171142362726,7.80014294428608,9.9489205129974,4.070996195866,-0.437854307458068,46.3193054299694,12.1825319900946,4.96703987026254,0.32436192877951,25.3369006931442,16.2226760346749,10.4091327173146
Gross fixed capital formation (annual % growth),NE.GDI.FTOT.KD.ZG,Bermuda,BMU,..,..,..,..,..,..,..,..,..,..,..,..,..,..,..,..,..,..,..,..,..,..,..,1.22568165364886,15.4504494754683,7.38357517078605,-1.65743228310384,11.706437014334
Gross fixed capital formation (annual % growth),NE.GDI.FTOT.KD.ZG,Bhutan,BTN,..,..,..,..,..,..,..,..,..,23.2330148677318,16.9136633037451,0.517858046334936,13.5974362592642,-13.4856402862529,-1.20731215574527,-15.6718710831093,36.1091277773636,20.7904764060904,42.3149132370386,14.8001278272999,2.8419855154084,-36.345753801995,30.0881774200045,13.2933215588258,10.5903177774087,-1.20781449734349,-1.36877143312363,-7.33640163593104
Gross fixed capital formation (annual % growth),NE.GDI.FTOT.KD.ZG,Bolivia,BOL,12.0664935756008,2.62857444484081,-8.01814981732143,13.8007104469863,11.7283106651342,26.7630316846531,29.216753480721,-15.276191803728,-8.89892099795307,-21.4490412200255,18.5078288460428,-10.8456249586424,-1.11771875406454,6.66669604152752,9.29507936242891,12.6436433760409,18.6727084061643,2.88900354492363,7.46377931197625,23.7139661890224,2.52564875711442,11.7270215052286,9.90807926617934,4.99441130708034,3.41514689526538,11.771226890742,3.22948181096321,-3.4615179349246
Gross fixed capital formation (annual % growth),NE.GDI.FTOT.KD.ZG,Bosnia and Herzegovina,BIH,..,..,..,..,..,..,..,..,..,-0.526749274353094,8.83663923379278,2.40119483821807,4.45513001010114,20.8320494188351,-9.70321865597828,32.036284418998,16.824014015121,-16.9050074547871,-11.5146408451058,5.47220322613732,0.82675409387565,-1.27078948093283,11.9701559664444,-2.48237561804329,5.43400406981121,7.85786717681327,8.08418531480777,5.84310256831462
Gross fixed capital formation (annual % growth),NE.GDI.FTOT.KD.ZG,Botswana,BWA,-4.23085126559511,-1.86827631279046,-1.17416331319336,6.23358953202791,0.150970715573152,18.0945004596323,10.363058629795,12.4759461706778,1.96470908072858,5.13708457016784,4.16199841560403,5.42354419504424,9.88587462708139,1.86251643552234,6.9525559031951,33.1585796925936,10.9641581110078,2.95337024658511,5.12464488503346,29.3672603083932,5.83513751183212,-2.88029595258989,2.19405349901632,3.65892897019502,7.00603279192305,-4.60332544058831,8.62127181431696,10.1748310510468
Gross fixed capital formation (annual % growth),NE.GDI.FTOT.KD.ZG,Brazil,BRA,-6.62065146218214,6.33122768817924,14.2538196198559,7.28962146464798,1.1955211107197,8.41811438554487,-0.163840801576328,-8.87530236409793,4.81319157830976,1.30447552450357,-1.44377481468328,-3.98451236425453,8.48696340775797,1.95630180140431,6.66078831607398,11.952407885245,12.2869579360166,-2.13387481888293,17.8539214362969,6.83404641588128,0.778776989148994,5.82720109055875,-4.22406864818839,-13.9465002056656,-12.1298264375012,-2.55735555172009,5.23175830771328,4.02606748259448
Gross fixed capital formation (annual % growth),NE.GDI.FTOT.KD.ZG,British Virgin Islands,VGB,..,..,..,..,..,..,..,..,..,..,..,..,..,..,..,..,..,..,..,..,..,..,..,..,..,..,..,..
Gross fixed capital formation (annual % growth),NE.GDI.FTOT.KD.ZG,Brunei Darussalam,BRN,18.0787591032013,21.728146811441,-10.0456619247899,8.49100094905602,86.2186308701177,-38.0082226046179,-12.932941243537,-19.8899696668522,-29.1812892594676,9.03862880536266,43.2131100513479,-20.9819503504627,2.93902852018306,0.765049365510961,1.68167169594935,26.3712951820998,13.2665097444941,-0.456492766645795,-3.54971281948964,37.3409116260914,28.9024386569456,11.9504402462961,-31.3234027044703,6.52402912698395,-11.1784671821583,8.09192042938879,28.3092192147778,-4.39986359250194
Gross fixed capital formation (annual % growth),NE.GDI.FTOT.KD.ZG,Bulgaria,BGR,-7.32697551400783,-17.4509625832405,1.06399634941756,-3.27916001939519,-67.6848401461443,150.473476735739,32.6271724468172,22.3858029505295,16.479255447049,19.8317480748781,8.13564488678871,12.8530978498213,13.7863920379778,26.733585665274,12.9505030615685,13.0558136241819,21.9662533281749,-17.6729106625524,-17.6409085303825,-4.40282076805504,1.8207139850104,0.544354340841295,3.47831747555954,2.65601749181307,-6.6261772592773,3.23071921364331,5.40393339823811,4.52922609919571
Gross fixed capital formation (annual % growth),NE.GDI.FTOT.KD.ZG,Burkina Faso,BFA,-4.29218331921946,-3.37181742177718,22.7344826373461,-8.64211870968558,8.81498571916816,14.8280303125635,0.985959130820063,-4.12237887386141,-1.56595328953684,-3.08315030719135,3.34841745212169,11.9245956111008,13.5587458659426,10.725465241443,8.44922519136004,13.8318803333147,3.77955393301647,17.8506013685429,17.6245538095998,15.7760823664877,14.1707779483923,8.27083539802449,-12.9094163056446,16.0220334214951,13.3433676246279,9.01771744693633,8.54055279688714,14.9418831496256
Gross fixed capital formation (annual % growth),NE.GDI.FTOT.KD.ZG,Burundi,BDI,..,..,..,..,..,..,12.7841150622625,-12.3574391175792,114.337464855558,1.66520135871919,2.35325634809634,2.46950995346886,19.3184291172485,1.53530584163512,-0.346510185408761,-2.52792915726721,-6.71810807186358,10.9722467252471,15.9756631203946,-2.65956585533989,-0.682486869802162,0.0925845633714175,-0.146296832267893,-4.92057218732128,-26.9062882314673,-2.49191946509903,24.9243642200745,32.8786180873227
Gross fixed capital formation (annual % growth),NE.GDI.FTOT.KD.ZG,Cabo Verde,CPV,..,..,..,..,..,..,..,..,..,..,..,..,..,..,..,..,..,..,..,..,..,..,..,..,..,..,..,..
Gross fixed capital formation (annual % growth),NE.GDI.FTOT.KD.ZG,Cambodia,KHM,..,..,0.453893675965219,47.2618159140126,-9.24971243746828,16.5552832472947,-5.8297690358901,36.876970026109,23.4998009560431,-4.22620447196178,27.4711752001294,7.29325119677173,11.0047813308826,19.503880824954,16.685023905726,10.1177475918127,15.9241407112486,4.01965531433947,-9.84042066916136,10.7666892127492,17.378466833828,15.2669315322505,9.05034551787732,10.5885932592636,10.0994297801973,6.09393961704907,15.6483040458104,14.2760177745892
Gross fixed capital formation (annual % growth),NE.GDI.FTOT.KD.ZG,Cameroon,CMR,-15.7353286166671,-7.14976584298915,13.1016519752771,-4.0431459864062,6.66991506368663,16.6019913809667,1.39946581461055,0.930976607604833,9.46480681875801,8.52287640136215,3.72251999267297,-5.8286325225815,11.8899991320857,0.952690326577766,2.71191542977466,9.64349673984546,8.44840082481512,0.0435747007648217,8.73839945824015,4.09861084008311,4.42527076529061,11.7477568693114,13.5992097117064,1.82545904733253,7.75196770080446,2.24432916212174,6.07001170440289,3.25300177780025
Gross fixed capital formation (annual % growth),NE.GDI.FTOT.KD.ZG,Canada,CAN,-2.93886851285504,-1.16141119692422,6.69930948582231,-1.36462210572574,5.77256591824353,11.679667418892,3.23428967812562,5.13111529399366,5.06582412902672,4.81952375170201,0.996616618757272,5.21744603769525,8.43521631414048,9.12407680867015,6.27976308904327,3.1676484222132,1.62653671196868,-11.3139907666928,11.5116661895506,4.63721098131444,4.88611117823893,1.44891511417566,2.25022348383118,-5.20989542225385,-4.65360034714323,3.34662808205562,2.52008450758969,0.813718019330707
Gross fixed capital formation (annual % growth),NE.GDI.FTOT.KD.ZG,Cayman Islands,CYM,..,..,..,..,..,..,..,..,..,..,..,..,..,..,..,..,..,..,..,..,..,..,..,..,..,..,..,..
Gross fixed capital formation (annual % growth),NE.GDI.FTOT.KD.ZG,Central African Republic,CAF,..,..,..,..,..,..,..,..,..,..,..,..,..,..,..,..,..,..,14.7281254909001,-13.1582035834442,-14.415388427146,-65.6893965313051,231.932192989185,4.73725562693534,7.0900626599594,20.6211691990729,3.72321377025099,-9.53086565169745
Gross fixed capital formation (annual % growth),NE.GDI.FTOT.KD.ZG,Chad,TCD,11.9878977114817,8.62742364259137,-1.59836571331475,23.6493261834367,6.54015326585542,15.296478138479,-7.35925040923601,19.1643742814664,22.3013594269873,95.0366537916969,77.134026875467,-6.6426788308862,..,..,..,..,2.68331475223135,43.8989882577912,29.7762699734137,-15.817945749145,17.0423422055408,0.460098268866261,12.6841920567102,-29.8000003600246,-21.2730919596055,-24.7381226914734,6.44581746655155,6.61479037772892
Gross fixed capital formation (annual % growth),NE.GDI.FTOT.KD.ZG,Channel Islands,CHI,..,..,..,..,..,..,..,..,..,..,..,..,..,..,..,..,..,..,..,..,..,..,..,..,..,..,..,..
Gross fixed capital formation (annual % growth),NE.GDI.FTOT.KD.ZG,Chile,CHL,24.0254290880952,17.9560147529668,6.18606145222415,23.4997352351849,8.91874776541115,12.9847221318949,3.53750910543557,-13.5168077102446,9.83334796299297,2.2426286139017,4.42938159046548,8.54861443976387,13.2648191304909,23.0824945852491,6.45251375212517,10.5717887316985,18.6751951541217,-11.0575936446385,11.1067080195832,15.0659450954175,12.0100003845946,1.32159882832102,-4.05387208369976,0.106963783173882,-2.3599835009401,-3.32528626147545,6.49293471626376,4.4855333626912
Gross fixed capital formation (annual % growth),NE.GDI.FTOT.KD.ZG,China,CHN,..,..,..,..,..,..,..,..,..,..,..,..,..,..,..,..,..,..,..,..,..,..,..,..,..,..,..,..
Gross fixed capital formation (annual % growth),NE.GDI.FTOT.KD.ZG,Colombia,COL,12.4166106423525,36.2590854708037,21.4267386899982,0.905472812848956,-1.3961043528146,-2.01055693470843,-6.30089513941574,-34.5563524935593,-2.01885411029714,9.72186716945866,11.1181006971072,11.4859623008808,11.1301273257699,13.0311394382239,18.7716726011776,19.8912511021848,-2.71546828140194,4.45527089458211,7.10471717837787,12.2119694569371,3.33413625597174,8.47983320059311,9.20654438230079,2.80831014937937,-2.89002897472021,1.8542749056986,1.03684035131097,2.23646761537439
Gross fixed capital formation (annual % growth),NE.GDI.FTOT.KD.ZG,Comoros,COM,8.53092344686353,3.00593751666432,-5.2766819919777,3.6101292949748,-1.29166852077608,4.03033457030008,1.28266841350082,1.92412392331494,10.8480813947335,2.33292781107059,2.3247854391707,2.1041033381715,1.91960168690335,2.83740059488477,2.64690372340569,-3.07099617460554,14.1,-3.80000000383296,4.50000003287097,9.89999993956737,21.6000000902024,4.09999997417981,0.310617331039097,3.23426036311716,2.59466187893958,6.90705129852564,19.1570023388508,-8.42613624152843
Gross fixed capital formation (annual % growth),NE.GDI.FTOT.KD.ZG,"Congo, Dem. Rep.",COD,..,..,0.986836749969825,-1.95439415480891,-10.2989994793016,-11.6822450044427,-0.740746413987793,6.60981611218907,-11.3493878643622,7.26634251755807,47.720977083858,3.27309921581997,-6.38824694618685,16.7418444718745,19.1143173479668,12.3,6.39999999593488,66.2325991165567,12.8848092967584,68.4176506309744,2.60067585641559,0.175863841572422,5.35725269214996,-9.42088324345183,9.19770123592043,63.9040468708919,27.5562523359114,-18.7403032522536
Gross fixed capital formation (annual % growth),NE.GDI.FTOT.KD.ZG,"Congo, Rep.",COG,-0.297743005065541,36.0104795067194,73.4650402272212,-33.7822018385444,-0.261824312428487,-36.4232727463649,-6.45499508123584,28.4957562116611,14.9090130626664,6.38628876680247,-2.1924334041678,15.080198899627,0.108796439426158,5.10951897005964,-6.95787828829214,108.252460329051,-11.5868594886803,2.22044203994847,11.8931556559529,-4.04943798915018,38.0726548406619,18.0515422163656,16.5539241117735,22.8817506101747,-11.9200307930323,-50.0333058751861,-19.5172359839877,-2.33423038143378
Gross fixed capital formation (annual % growth),NE.GDI.FTOT.KD.ZG,Costa Rica,CRI,28.7307229157092,14.8161134693634,3.68470812580128,5.67428158311778,-5.63466352678206,18.3477732245269,26.2675467831673,-1.84737129327148,-4.57714606129966,2.82508137557222,5.01884053095549,5.43330407254565,1.03583882954351,4.58780640786864,7.6750490087818,18.9849202228133,9.68850920154733,-12.6189566902469,4.27602165816464,3.24305784896967,8.58547311919267,4.83792938484842,3.892541817867,3.54064775341085,5.99886657779744,0.0785016904013958,1.61233225943296,-7.31475521158281
Gross fixed capital formation (annual % growth),NE.GDI.FTOT.KD.ZG,Cote d'Ivoire,CIV,..,..,..,..,..,5.49222070516093,8.65522065720359,5.69460338837568,-16.1848881884065,-3.9779490635471,5.43941323685091,-16.9841689528486,10.6985784263459,2.42899450037804,12.8335638892044,20.9507849821639,9.68876361616449,4.56156272128754,41.0122326358685,-19.8463145875405,-1.89626759773104,40.4062685715954,18.3389457106567,16.0268940444475,9.30742713882795,6.10982015768349,0.305841086536503,-2.76452965282897
Gross fixed capital formation (annual % growth),NE.GDI.FTOT.KD.ZG,Croatia,HRV,..,..,..,..,33.2324975396402,27.534984402722,2.40422883871703,-0.06166078298277,-1.74213083516749,4.303969573963,11.1273231433514,20.985828269269,2.82790493495287,3.57013897734035,8.40051537741542,4.60875538119335,10.0698087179961,-14.8054806768493,-13.9199225127805,-3.76402075907681,-4.53955253573673,0.991720135872924,-2.27205724266497,8.22979334015569,4.97970917921235,1.60176095491454,3.94229244997935,9.00475111458358
Gross fixed capital formation (annual % growth),NE.GDI.FTOT.KD.ZG,Cuba,CUB,-41.266594023355,-28.8554667983919,-27.642420153358,4.80316640418449,37.0659101225071,5.71327182398863,4.26317556226923,5.73084352865423,9.5676035322777,-2.83753257635672,-8.92995051628958,-6.64279657024403,7.21975508006997,20.5867587072482,44.1102235174729,2.41409818897496,7.61283497884344,-6.32065270814903,-2.99055613850997,4.88552370650804,6.01581299415608,6.27431906614785,-2.68497330282227,15.6294089982756,6.50759219088937,3.34775967413441,6.25692819312724,-0.405703025385421
Gross fixed capital formation (annual % growth),NE.GDI.FTOT.KD.ZG,Curacao,CUW,..,..,..,..,..,..,..,..,..,..,..,..,..,..,..,..,..,..,..,..,..,..,..,..,..,..,..,..
Gross fixed capital formation (annual % growth),NE.GDI.FTOT.KD.ZG,Cyprus,CYP,16.1826493916879,-12.2737424508704,-3.98899334562518,3.78320643970753,-4.1853951059359,4.19579776240633,-15.1535907572177,14.8655577110651,-1.04058504685142,0.0123941043498945,11.4053876691128,1.91984381103107,5.78970166409157,6.47587465795662,20.8690278421986,7.52440716350362,8.42284405933515,-13.631572202609,-1.43000090925828,-11.7209806508224,-19.5120721299595,-15.7497242859288,-7.37936855597985,-1.7561147208542,49.4678092749088,21.2046107187176,-4.90142870363782,6.86119507432477
Gross fixed capital formation (annual % growth),NE.GDI.FTOT.KD.ZG,Czechia,CZE,16.4774665440235,0.189121048669264,11.7499006398125,22.5939599067215,9.75489759313852,-4.86685161785226,-1.29942566548105,-2.36492285870732,7.53406989413597,5.77923961079492,1.86948996883807,2.37466054127331,4.00487261845906,6.04201512844197,5.48058078147716,13.2842505435561,1.91639132308576,-9.02353566595787,0.349183835904853,1.05740514453852,-3.32838609418378,-2.16563592752074,3.25399052538687,9.73727993048247,-3.0274097035809,4.87581532423104,10.0281809282884,5.94510574787958
Gross fixed capital formation (annual % growth),NE.GDI.FTOT.KD.ZG,Denmark,DNK,-0.513290308803178,-2.64326919375168,6.86022036004839,10.56555647963,5.31790257748426,10.2076540566775,6.64592138906765,-0.261183051052257,8.16629474059951,-0.466959042788133,-2.29330934248121,1.63830584760399,3.51702471490809,5.94263795381957,13.6686746725305,0.690467842854289,-2.49659286295402,-12.9674139108456,-5.74674528206883,0.388452503346187,3.73330286373319,2.73276588975415,3.11121265754619,5.51838902782885,7.90588092765891,4.01137395451453,4.16644393480985,-1.33794693977353
Gross fixed capital formation (annual % growth),NE.GDI.FTOT.KD.ZG,Djibouti,DJI,..,..,..,..,..,..,..,..,..,..,..,..,..,..,..,..,..,..,..,..,..,..,17.9259054866984,19.7639567821296,-4.11014970977273,-0.684308874978896,14.8895861462508,7.28612024535778
Gross fixed capital formation (annual % growth),NE.GDI.FTOT.KD.ZG,Dominica,DMA,..,..,..,..,..,..,..,..,..,..,..,..,..,..,..,..,..,..,..,..,..,..,..,..,..,..,..,..
Gross fixed capital formation (annual % growth),NE.GDI.FTOT.KD.ZG,Dominican Republic,DOM,23.4927720169217,16.3439935052199,16.1394195777485,5.5944540241258,14.1121304967564,20.9620113401871,35.6768923719389,-6.54343191970965,15.6060025469777,-2.59298967938855,6.59147394554532,-15.2785663972686,1.53316003402266,13.8033540159158,22.2297325750796,13.1905762696074,6.31220525478919,-14.5995993052893,17.2806708142293,-2.23579708305483,-0.456104577889477,-2.46583324961819,9.34913883979986,18.8775712641591,12.3170974864705,-0.262193361188224,13.3331780587595,8.1266761700429
Gross fixed capital formation (annual % growth),NE.GDI.FTOT.KD.ZG,Ecuador,ECU,1.25376768741923,0.215499784994108,5.79977270867975,-1.09386164883702,-3.02624276975703,7.85901322206348,4.48284763997455,-25.2177461847731,12.4468936647746,20.2562851129174,18.0922825508548,0.376968112043912,5.28039520125093,10.7438466199309,4.98331173465864,3.72171307536516,15.9739141606051,-3.6047391324342,10.1898630022015,14.3342665539119,10.558267319742,10.4140913210874,2.26332421475371,-6.23342065412965,-8.86430678466077,5.30997975511123,1.97292746060668,-3.30109851356173
Gross fixed capital formation (annual % growth),NE.GDI.FTOT.KD.ZG,"Egypt, Arab Rep.",EGY,0.769463052559161,-15.6856815421567,15.1675669633265,13.1573646653648,28.2009671966099,22.8405411282874,-21.8668323629405,13.0732971117242,9.02330040563315,-2.02790319076499,7.63116507213306,-6.15835781215614,6.25000000469748,10.2941177047299,13.3333333397704,23.764705882353,13.8960994517011,-11.4624722104538,7.86155598434823,-4.46321862208657,-24.5442211731917,-5.26030661682026,0.124940731604028,24.5737462299654,19.8334749610572,15.1825344602179,10.9435626707034,14.4237445615556
Gross fixed capital formation (annual % growth),NE.GDI.FTOT.KD.ZG,El Salvador,SLV,18.2557176339266,14.1249497069875,11.5228634989444,12.4122705996993,-11.9069230304382,7.23445779305476,7.22963919949014,-1.03092995989532,4.49493727651441,0.692196858075974,3.39346921395061,2.22828453849675,-5.28190041406469,5.17233970220205,8.13931086926038,6.09072738320179,-2.34012341512505,-16.4376903554749,-10.6458056684784,10.8088772265782,2.77453856359745,5.71383480065437,-9.54200649019661,9.03292210081072,3.57683132350985,3.63331932221205,7.23463223827608,6.26592779794555
Gross fixed capital formation (annual % growth),NE.GDI.FTOT.KD.ZG,Equatorial Guinea,GNQ,..,..,..,..,..,..,..,..,..,..,..,..,..,..,27.5195598437653,26.0110114970312,32.2664378085953,30.0457300460235,-15.1507162004968,9.74915802277232,31.4477318510006,-38.8936066454802,-9.61401646009318,-39.2402800237994,-43.684800664126,-11.2076832940187,-10.1002080737642,-18.4645702276805
Gross fixed capital formation (annual % growth),NE.GDI.FTOT.KD.ZG,Eritrea,ERI,..,65.6908594104955,67.9858646851738,-8.32982526643735,39.7200470809292,20.2332078033127,11.419206589209,4.64631455859721,-17.1485000087255,73.9763240831933,-16.8795113569567,-3.34840636387253,-17.8719961329131,-11.352646367546,-40.0366672011229,-12.1093179806768,-5.65213049006152,-13.0261131231676,7.45050989072837,466.888621840649,..,..,..,..,..,..,..,..
Gross fixed capital formation (annual % growth),NE.GDI.FTOT.KD.ZG,Estonia,EST,..,..,9.2350771729192,5.58449356488254,19.6975657951174,23.4855280912205,22.9180519303133,-14.272968238152,14.1784829791922,13.0178043825853,23.5738964379146,17.7354987183186,5.50799899446703,15.4262730664455,22.761150172589,10.3073882872602,-13.1060385788894,-37.1962802872591,-2.20411778524885,35.603371783496,11.9423143915668,1.49359565777533,-2.67094961585131,-3.16245017502099,5.11049406706343,13.8415043501736,10.5237551321183,-3.6586374916116
Gross fixed capital formation (annual % growth),NE.GDI.FTOT.KD.ZG,Eswatini,SWZ,9.92279371655806,-3.68708181053191,0.582109920707282,-4.42311227620831,-9.93708613205058,1.91228865311103,7.16440580232742,-29.6845289446356,-15.772893113735,6.75023332313532,-6.09993994570989,-7.05705760201015,5.81048022208141,-2.67465418170856,-1.34225752822277,-2.538373270924,-4.39792234006239,5.01328366589013,0.020593740210046,-6.69849960606898,-1.27262712408309,6.23564589790537,3.09907338743467,5.57597568577768,8.09207836856241,-1.29881878146927,35.5783295797669,1.04844524511903
Gross fixed capital formation (annual % growth),NE.GDI.FTOT.KD.ZG,Ethiopia,ETH,..,..,..,..,..,..,..,..,..,..,..,..,..,..,..,..,..,..,..,..,46.5112279615427,9.44073652493773,24.3904271442059,26.2662658604587,10.5785687886636,11.885511341808,-3.15282664535529,11.8313084795395
Gross fixed capital formation (annual % growth),NE.GDI.FTOT.KD.ZG,Faroe Islands,FRO,..,..,..,..,..,..,..,..,..,..,..,..,..,..,..,..,..,..,..,..,..,..,..,..,..,..,..,..
Gross fixed capital formation (annual % growth),NE.GDI.FTOT.KD.ZG,Fiji,FJI,..,..,..,..,..,..,..,..,..,..,..,..,..,..,..,..,..,..,..,..,..,..,..,..,..,..,..,..
Gross fixed capital formation (annual % growth),NE.GDI.FTOT.KD.ZG,Finland,FIN,-13.7500774041736,-12.517500089744,0.84530160032827,12.53662109375,10.0047004375023,10.882855640284,10.6714095153402,4.53461899022365,6.21861227836425,1.76335785791824,-2.9535864978903,2.79677576941866,4.6619935844125,3.25107271777874,1.35667011148001,10.2980735855606,0.633322187911816,-12.0297078080719,2.30393245945346,3.88516081395096,-0.284304707751488,-4.60796645702305,-1.83288646652895,0.467896480702066,8.98455779129621,4.75986014843895,3.63799597946797,-1.4764317056176
Gross fixed capital formation (annual % growth),NE.GDI.FTOT.KD.ZG,France,FRA,-1.48646627598077,-5.43791867392942,1.55577503261404,1.33001479017064,0.751677200969624,0.788753176489877,6.40976288776787,7.84068076291592,6.64738252267418,2.27515852686919,-0.917125056273335,1.91952518338397,3.47959258187278,2.89902643705797,3.64589224118346,5.53419933168162,0.853300171993723,-9.07005485548032,2.08075601771493,2.06604335333628,0.231321502316462,-0.805535538806993,0.0322016407010608,1.02457610206753,2.66060040579967,4.74874927828948,3.30482646825459,4.04385020149078
Gross fixed capital formation (annual % growth),NE.GDI.FTOT.KD.ZG,French Polynesia,PYF,..,..,..,..,..,..,..,..,..,..,..,..,..,..,..,..,..,..,..,..,..,..,..,..,..,..,..,..
Gross fixed capital formation (annual % growth),NE.GDI.FTOT.KD.ZG,Gabon,GAB,-12.7594755665612,4.97046985888221,-6.84831615932464,5.92103677071205,10.8943991450988,37.6083594132647,12.7787935856635,-35.8509560403247,-8.270341803533,10.7302201629189,19.9442639955449,-16.4187164240965,1.73059546883903,1.30117972393428,6.92545116545264,9.81685858411583,10.3414107364238,-1.25546389899341,32.7382838227693,20.8893186251493,12.4243804211533,7.04254058736736,7.75314236840975,-15.5879139064836,-1.30850512189915,-11.4937810792958,81.6516374259058,21.515265625486
Gross fixed capital formation (annual % growth),NE.GDI.FTOT.KD.ZG,"Gambia, The",GMB,..,..,..,..,..,..,..,..,..,..,..,..,..,-4.93177473203944,18.4129588872479,-15.4112556716497,-14.6571128815281,31.2784840935173,11.3648816893117,-5.26661193387289,7.4122951724497,4.50659556609089,1.98905752313219,33.0966532770008,33.4855604588165,-1.24933852835922,1.98661234263022,12.990946663921
Gross fixed capital formation (annual % growth),NE.GDI.FTOT.KD.ZG,Georgia,GEO,..,..,..,..,..,..,..,..,..,..,..,..,..,..,..,..,..,..,..,14.8930371985284,6.04161019246408,-10.4106087234383,26.9643685130363,16.0757929038964,7.267754934111,3.36059563427153,1.92198550598097,-0.0756267066445417
Gross fixed capital formation (annual % growth),NE.GDI.FTOT.KD.ZG,Germany,DEU,4.46837492075367,-4.52606536915286,3.5740885097002,-0.191709075910012,-0.444179016746261,0.518510626342959,4.0187148003735,4.30169473715469,2.07872680529178,-2.6104856753294,-6.08386175947938,-1.62245318275626,-0.445408834581713,0.89480120577285,7.53835001656546,3.61083317832214,1.58115535114665,-9.45573997601194,5.27423820340556,7.38724650701353,-0.227578496430851,-1.29600829888898,3.24579791446249,1.73975047197521,3.80999973590212,2.62017160097172,3.35116943275962,1.72570329551449
Gross fixed capital formation (annual % growth),NE.GDI.FTOT.KD.ZG,Ghana,GHA,..,..,..,..,..,..,..,..,..,..,..,..,..,..,..,15.3810558753512,8.36892410505531,-25.1577731837006,-25.2578771052042,25.5639372702028,42.3509631151657,-26.142005247964,5.10743250649375,-2.72449083960602,12.2330552641177,1.02867417219966,13.1536282960393,-10.0228899339649
Gross fixed capital formation (annual % growth),NE.GDI.FTOT.KD.ZG,Gibraltar,GIB,..,..,..,..,..,..,..,..,..,..,..,..,..,..,..,..,..,..,..,..,..,..,..,..,..,..,..,..
Gross fixed capital formation (annual % growth),NE.GDI.FTOT.KD.ZG,Greece,GRC,-3.48663229680135,-3.9939776653268,-3.08344209322161,4.13069069104479,9.0520665811235,3.50271948302317,22.5895445646224,7.39834618063358,2.86420323904055,5.36750916712923,-0.333580308277988,15.1034079418754,2.96222542356148,-11.8802277575903,19.3894805580592,15.8871269697309,-7.19343781741127,-13.931346495158,-19.3460634040491,-25.3711744296032,-21.6848585480937,-6.62119509852045,-3.19365843277022,0.16549060743381,2.32911329230534,8.45765886940093,-4.34259418343085,-2.19314461989369
Gross fixed capital formation (annual % growth),NE.GDI.FTOT.KD.ZG,Greenland,GRL,..,..,..,..,..,..,..,..,..,..,..,..,-5.91984138224049,45.3961563550605,2.04652125897293,30.0652710609084,34.610884318365,-14.4948812053313,66.5002484977183,22.2881022482124,-38.9603905469877,-20.7397982368445,-21.9263845889233,10.219128187052,10.8839911520934,-4.1339197731151,-6.89196981472661,46.9438311163768
Gross fixed capital formation (annual % growth),NE.GDI.FTOT.KD.ZG,Grenada,GRD,..,..,..,..,..,..,..,..,..,..,..,..,..,..,..,..,..,..,..,..,..,..,..,..,..,..,..,..
Gross fixed capital formation (annual % growth),NE.GDI.FTOT.KD.ZG,Guam,GUM,..,..,..,..,..,..,..,..,..,..,..,..,..,..,..,..,..,..,..,..,..,..,..,..,..,..,..,..
Gross fixed capital formation (annual % growth),NE.GDI.FTOT.KD.ZG,Guatemala,GTM,24.9169435279369,9.52944175677968,-2.62083410748708,8.69338275568863,-1.98248905237871,22.5043133530943,17.4264514138425,5.80683983559803,-8.80888565247453,1.83299242536756,9.28165272265605,-3.12486323765565,-1.16263462364184,4.27545150012175,15.7317466233593,4.95261454893343,-5.83539548627985,-13.1286184246477,-2.06590488422491,7.10545375662539,3.60888004132912,1.48924707134832,4.3320230428679,-1.54279795797039,-1.72448901889598,4.08452309623412,4.4703968539167,8.78208345335594
Gross fixed capital formation (annual % growth),NE.GDI.FTOT.KD.ZG,Guinea,GIN,..,..,..,..,..,..,..,..,..,..,..,..,..,..,..,29.5404097808823,1.87507726011521,-8.1519170444637,5.21771465971506,30.2776571733815,11.0707137816465,0.605896539828677,3.44945386326714,9.28263910292605,135.727734205565,-43.4588972115251,-16.1406852355247,-4.9434317140383
Gross fixed capital formation (annual % growth),NE.GDI.FTOT.KD.ZG,Guinea-Bissau,GNB,..,..,..,..,..,..,..,..,..,-10.622047192825,-32.8374976485682,21.2918635097678,-2.32009906007784,36.1866910418641,1.09176708460707,27.8917642285202,18.2662579673912,-13.227815939701,3.68773165091739,9.830985934475,-42.4175764275548,6.90144855459822,49.906996983993,20.8955418982943,-3.23205049528342,1.05512136461866,20.1953477811766,33.8339838364032
Gross fixed capital formation (annual % growth),NE.GDI.FTOT.KD.ZG,Guyana,GUY,..,..,..,..,..,..,..,..,..,..,..,..,..,..,..,..,..,..,..,..,..,..,..,..,..,..,..,..
Gross fixed capital formation (annual % growth),NE.GDI.FTOT.KD.ZG,Haiti,HTI,..,..,..,..,..,..,..,..,..,-12.2147948876384,-9.69860160421825,14.0806541700927,6.17436545189507,-0.558167826547745,37.2689254500025,-11.7344168723996,22.7949950190215,-9.60620291301392,49.1935333769713,-20.5832047556171,-17.287870522932,9.99182679587918,6.14120190987131,-11.1980635346497,4.4153622190493,10.2380424822597,-5.28515827443913,13.3759536270563
Gross fixed capital formation (annual % growth),NE.GDI.FTOT.KD.ZG,Honduras,HND,12.9448149434721,29.5368715561142,8.97188540148497,5.05887582740402,-7.27321265313428,7.47330747971276,2.62653979281356,9.36407006981199,6.57984376375266,-3.00974264572132,-7.28354357260476,6.18772326575856,23.3726255152813,-1.43379469221125,13.3544079728557,24.3695551231592,6.25829205362918,-35.3862885347388,1.39669325185147,16.8818772964225,3.72559355224598,-1.91424599245887,0.63917060835297,12.292508569066,-7.36283757622114,11.1709997615281,7.27900947530608,-5.22225041173409
Gross fixed capital formation (annual % growth),NE.GDI.FTOT.KD.ZG,"Hong Kong SAR, China",HKG,8.96503443578294,2.94320908765728,14.9713587876907,7.29243995833396,10.6711736103135,13.6837189073782,-7.39349596676905,-16.3370020115529,7.87684780199586,2.75309287332288,-3.89092354068221,1.51477644406756,3.35661179107498,4.02342269531673,7.06797250311861,3.16108532023256,1.38979000233743,-3.46713952371,7.69132906434066,10.2299081652321,6.78755151770405,2.5639310087401,-0.113644556906394,-3.18137133586318,-0.113607114645546,3.12508330297403,1.68915542228885,-14.9363150152858
Gross fixed capital formation (annual % growth),NE.GDI.FTOT.KD.ZG,Hungary,HUN,-2.63947449843968,2.03106401873218,12.4702829192288,-4.31038019814581,4.58881826908093,8.70459506386447,11.3942802570891,7.9930091455863,5.99017034420497,2.7003849889164,7.68316084276593,1.15500508271262,7.93517141106493,3.61554010161707,0.738571123698108,4.60465795997611,1.18455690934205,-9.12166006432898,-9.46602723436285,-1.30126687440399,-2.98974987231787,9.7990805791888,12.1775036291297,4.86391670359363,-10.5905404150371,19.6768473071282,16.2650698993554,12.7821191445982
Gross fixed capital formation (annual % growth),NE.GDI.FTOT.KD.ZG,Iceland,ISL,-10.3539845848756,-9.80293176930429,-0.210369858553634,-1.71245581555283,22.3150515862103,11.2230090611992,30.5681863117217,-3.33414585349794,11.9239258422919,-3.86293178742123,-12.3836222103557,9.25231541467892,26.3446492379683,30.2429733794088,23.8159533842899,-11.0109177702382,-18.4578167345589,-47.4573880669277,-8.4111547718456,10.9296508110458,5.14132243824244,2.23279403259724,16.1448723435589,21.4840165570563,17.9888935808777,10.5655991424565,2.30433450547918,-4.10021665243073
Gross fixed capital formation (annual % growth),NE.GDI.FTOT.KD.ZG,India,IND,10.6000047610195,-0.826161207865283,5.75899676280081,12.1201224731468,4.7030552784681,9.098423995784,10.6188969252299,16.7411955096584,-1.79398184421154,22.1902255490407,-0.717354338344606,5.11600416293254,11.4539718337375,16.4412319036316,13.8741112301134,16.328898628084,3.19934007174292,7.67687974567983,11.0461458806064,12.0929501799536,4.93907670950652,1.56180372248267,2.60324744095051,6.5308324115297,8.45845012260094,7.80214377181289,11.2030685795845,1.14678157791283
Gross fixed capital formation (annual % growth),NE.GDI.FTOT.KD.ZG,Indonesia,IDN,4.93902578929746,5.68991481417891,13.7557071700223,13.9948675816327,14.5143896403887,8.56800306574294,-33.0081481160366,-18.1954538615143,16.7372530003582,6.49246849532467,4.69443249716279,0.600306389331223,14.6833002111598,10.8871484733559,2.59688033412024,9.32387993687055,11.8861277889345,3.29341121564475,8.48127098719252,8.85961170376758,9.12508280887327,5.01027826545224,4.44909738703767,5.00943842034711,4.47312848256638,6.15397401690079,6.67584594201134,4.45238270661635
Gross fixed capital formation (annual % growth),NE.GDI.FTOT.KD.ZG,"Iran, Islamic Rep.",IRN,-4.72314062626306,-13.9026573791508,-11.9127167845314,-6.66044184941002,25.5679989871087,7.35505011236404,1.55859698397158,5.11002777544643,8.44468672274688,24.6015760331724,6.67504969794952,6.37151034268663,7.89802941263582,4.00390722910674,-1.65397612377961,14.6657405430489,11.8647120711137,1.32266873445946,3.29577819125144,4.62249414737215,-23.9337746880498,-11.5663312448435,7.18125323843178,-14.121556797993,-1.68084049662892,-0.54633816617617,-15.8477265330294,-6.53510188710217
Gross fixed capital formation (annual % growth),NE.GDI.FTOT.KD.ZG,Iraq,IRQ,..,..,..,..,..,..,..,..,..,..,..,..,..,..,..,..,137.082200074142,-27.9755489131398,67.1546414407054,13.8106219079629,-0.287654157605914,44.3185629975864,6.57769755800072,27.3315623521586,-36.2522719331737,-1.75656854313092,-0.283887639254431,47.1634022480431
Gross fixed capital formation (annual % growth),NE.GDI.FTOT.KD.ZG,Ireland,IRL,-0.0265990944041619,-5.08326862548853,11.8379507390376,15.7904792570102,16.4268682950817,15.8053454614806,13.4405234873727,14.0749268589823,5.05252116257996,5.82199989406153,5.55562771431381,7.97508756617869,9.75787272916735,16.8375095172994,7.21141243483262,0.0309856790837983,-11.582044606221,-16.9277443538109,-15.0303441571191,-0.0471555708910074,16.096169815332,-4.1538711254306,18.5443236624935,50.4937312240785,50.2813261268184,-0.677564832724187,-8.17495104601309,100.691009528867
Gross fixed capital formation (annual % growth),NE.GDI.FTOT.KD.ZG,Isle of Man,IMN,..,..,..,..,..,..,..,..,..,..,..,..,..,..,..,..,..,..,..,..,..,..,..,..,..,..,..,..
Gross fixed capital formation (annual % growth),NE.GDI.FTOT.KD.ZG,Israel,ISR,5.86093097539491,0.233352811746528,10.2252494943721,24.3563610920021,10.0174983667654,0.671879870554676,-2.34317061605421,0.660512483328077,3.23871470360118,-1.91135135330023,-3.66425725825353,-4.30593093298287,-1.18795276605152,4.21322373381119,7.36684165261291,8.83751041830685,4.53834145223091,-3.2448935429057,8.69746269449838,11.4838199993248,5.33520567324244,2.08481101495978,0.146220388958113,-0.44248459235034,11.1258890387191,3.38909225481004,7.59119919448679,3.88677479992148
Gross fixed capital formation (annual % growth),NE.GDI.FTOT.KD.ZG,Italy,ITA,-1.43767287796206,-11.2183342909554,0.717772479721916,7.03540544076037,2.48241398263475,1.97084546082142,4.04877761678395,4.35994101471688,6.80924538197732,2.67252007660747,3.85523580963809,-0.62473951993266,1.61676224011427,1.55042117418805,2.54058644931141,1.52212154159608,-3.15548328742132,-9.74711547518757,-0.200185975424588,-1.43273848349924,-9.73977066778718,-6.44561134605577,-2.21947428702853,1.7599319911606,3.99326394430233,3.21729427732819,3.07487292986592,1.2340357346778
Gross fixed capital formation (annual % growth),NE.GDI.FTOT.KD.ZG,Jamaica,JAM,..,..,..,..,..,..,..,..,..,..,..,..,..,..,..,..,-7.8948278246439,-17.9308759219985,-2.57562503930615,8.14828290415718,-4.95363260965115,5.63598995204384,3.02272039431017,-4.8167868852459,0.0733012571441094,4.63993038727585,5.73418034641924,1.86315307422747
Gross fixed capital formation (annual % growth),NE.GDI.FTOT.KD.ZG,Japan,JPN,-2.22364012155526,-4.52941528278942,-1.78871974774999,3.20523724071067,6.80642797643452,-1.91884329317847,-4.27042717382469,-1.08893642780643,0.629386702777992,-1.34921393891901,-4.83589534012785,-0.630386351644489,0.292634432629924,2.96773500911078,0.399133033632438,-2.15246885567269,-3.8221505612407,-10.0236955182592,-1.303491714675,2.21993172190678,2.77214581721805,4.11245134799671,2.2215737314548,2.28093694878817,1.15954433978764,1.6103019297724,0.597895742970735,0.547986816069198
Gross fixed capital formation (annual % growth),NE.GDI.FTOT.KD.ZG,Jordan,JOR,..,..,..,..,..,..,..,..,..,..,..,..,..,..,..,..,..,..,..,..,..,..,..,..,..,..,..,..
Gross fixed capital formation (annual % growth),NE.GDI.FTOT.KD.ZG,Kazakhstan,KAZ,-16.6000000009158,-28.4999999978996,-11.4000000071431,-37.8999999999651,-23.8999999986605,3.30000000385265,-7.20000000648207,0.500000005649625,16.0999999977642,25.3000000014526,9.99999999912175,7.99999999680637,22.5000000035115,28.0999999962705,29.7,17.2999999986524,1.00000000253917,-0.800000002845152,3.80000000128568,3.3999999988507,9.90000000008639,5.50000000153278,4.400000000755,4.19999999990486,2.99999999981735,4.5000000003768,5.39999999878675,13.8000000001811
Gross fixed capital formation (annual % growth),NE.GDI.FTOT.KD.ZG,Kenya,KEN,-10.1875601195456,9.3244087559645,10.2140442305038,8.44233758005186,6.24556037411222,3.1200035163607,8.09153632606143,-0.756992867872626,8.26100952862636,12.3817383938009,-6.1208730526444,-7.9522119706637,7.33505804873722,27.7986074013959,31.7471658803299,2.19783638140605,12.8535396648592,9.96891394469974,16.8284789644013,2.03139427516159,12.6696832579185,2.40963855421687,19.843137254902,0.14797120418848,-3.76667771053435,8.00843530005343,-0.391033343143334,4.50130095567522
Gross fixed capital formation (annual % growth),NE.GDI.FTOT.KD.ZG,Kiribati,KIR,..,..,..,..,..,..,..,..,..,..,..,..,..,..,..,2.31643313116827,-16.9804066615404,26.6614689278784,-11.3246755650999,32.0194781809926,46.8112023024495,29.013130257758,-1.10937636976151,64.7439861708841,-15.8528211023589,-13.16332525462,-24.2457923507181,-12.1943336604642
Gross fixed capital formation (annual % growth),NE.GDI.FTOT.KD.ZG,"Korea, Dem. People's Rep.",PRK,..,..,..,..,..,..,..,..,..,..,..,..,..,..,..,..,..,..,..,..,..,..,..,..,..,..,..,..
Gross fixed capital formation (annual % growth),NE.GDI.FTOT.KD.ZG,"Korea, Rep.",KOR,2.37002235531804,8.12590382433255,14.0585989462486,12.9730998674326,8.56658113810609,-0.518647238813841,-20.5379653818656,9.25357573626717,13.9864786596211,2.21403058065204,7.44276718742658,5.3173418438256,2.78792964136989,1.48502265230559,3.97222320023616,5.05694777434283,-0.615334644156221,0.413669428205111,5.7516868934873,1.32169550866459,-0.133237273880965,2.81399840858573,3.10583244656345,5.35381672968892,6.57646324326919,9.78131401977159,-2.20156474056331,-2.13188136131825
Gross fixed capital formation (annual % growth),NE.GDI.FTOT.KD.ZG,Kosovo,XKX,..,..,..,..,..,..,..,..,..,..,..,..,..,..,..,..,..,7.59677362678275,8.90441697291287,11.3540331728609,2.20522762367396,1.66960258487545,-1.94988163171701,6.66831893064359,7.20856811185104,10.9369086815015,5.42333293424981,2.88728053756269
Gross fixed capital formation (annual % growth),NE.GDI.FTOT.KD.ZG,Kuwait,KWT,..,..,..,..,..,..,..,..,..,..,..,..,..,..,..,..,..,..,..,..,..,..,..,..,..,..,..,..
Gross fixed capital formation (annual % growth),NE.GDI.FTOT.KD.ZG,Kyrgyz Republic,KGZ,..,..,..,..,..,..,..,..,..,..,..,..,..,..,..,..,..,..,..,..,..,..,..,..,..,..,..,..
Gross fixed capital formation (annual % growth),NE.GDI.FTOT.KD.ZG,Lao PDR,LAO,..,..,..,..,..,..,..,..,..,7.26382170482668,31.7945275096125,1.34304925045711,23.787235533441,11.8641189136128,27.3805433815368,35.5424707427459,1.6328109399587,1.32582931692542,-12.8377404689824,17.5101823563818,28.9660309469587,0.214859777827911,10.9709530610953,9.38394792859611,6.99999999863643,..,..,..
Gross fixed capital formation (annual % growth),NE.GDI.FTOT.KD.ZG,Latvia,LVA,..,..,..,..,34.1127743615809,5.13472491173879,42.9806947532728,4.49543321527928,22.0880237740988,19.3153350507974,-3.90798419691181,10.8363011624878,28.3510946742405,20.8946128654054,14.3332566927834,22.3617588780233,-10.1881748876026,-34.5758861018349,-19.7287681111782,25.882030601829,17.6595825638686,-4.43048887338394,-3.88801692131393,-1.99957313446994,-8.24164072605542,11.4111130878928,11.7449272153408,1.49348702456258
Gross fixed capital formation (annual % growth),NE.GDI.FTOT.KD.ZG,Lebanon,LBN,38.389160014791,28.8905149739346,38.7401707763271,6.9755702411141,7.57259658114435,-12.8242297625655,1.7543304023131,-19.3783952736895,-4.91850421526038,4.73908905413171,1.14067779046046,4.20804870963434,7.13620980703809,0.685946557537903,0.0226108984286384,20.2356311523503,21.4265494498793,28.6894928231689,0.0638353766577922,-1.00247724603743,4.33730090055265,9.9292495600063,-5.20068753459486,-3.45164854311115,12.860238111831,-1.30085187646679,8.37430871621325,-45.4937806949816
Gross fixed capital formation (annual % growth),NE.GDI.FTOT.KD.ZG,Lesotho,LSO,19.011472102471,3.71512391718704,19.2692336371653,22.1474868614015,20.1017734143647,-6.46176905125544,-11.6825259823521,22.2625189511203,-17.0983336292641,1.78630293000681,3.2354779387382,5.35402490297984,-13.3424026843154,-12.844601626257,13.3806442773425,22.2697033600608,26.8412479960651,5.0662919006615,13.0639162300557,5.65803304989043,32.457025831758,-9.52076221464134,2.26633701508206,5.7294031881037,-5.99621261913022,-1.12575211406329,3.81869842032184,-0.418693607931985
Gross fixed capital formation (annual % growth),NE.GDI.FTOT.KD.ZG,Liberia,LBR,..,..,..,..,..,..,..,..,..,..,..,..,..,..,..,..,..,..,..,..,..,..,..,..,..,..,..,..
Gross fixed capital formation (annual % growth),NE.GDI.FTOT.KD.ZG,Libya,LBY,..,..,..,..,..,..,..,..,..,..,..,..,..,..,..,..,..,..,..,..,..,..,..,..,..,..,..,..
Gross fixed capital formation (annual % growth),NE.GDI.FTOT.KD.ZG,Liechtenstein,LIE,..,..,..,..,..,..,..,..,..,..,..,..,..,..,..,..,..,..,..,..,..,..,..,..,..,..,..,..
Gross fixed capital formation (annual % growth),NE.GDI.FTOT.KD.ZG,Lithuania,LTU,..,..,..,..,21.0520242929197,25.6339060148132,21.1765004703917,-5.89432106024661,-6.86123464618315,12.7324080492756,11.0862484785336,14.059247215238,15.8031253696449,11.4719586465495,19.5934555637006,22.3343961523304,-3.99631579401834,-38.9025708822663,1.47532327840021,20.146743334372,-1.77829532095673,8.2994738024839,5.71276834198362,4.85602482896299,3.37424171486145,8.90426881118533,10.0244736301759,7.10486710431152
Gross fixed capital formation (annual % growth),NE.GDI.FTOT.KD.ZG,Luxembourg,LUX,-15.0752309287338,20.5918830476683,0.0428382627717099,-1.51719386088209,-2.20244234382739,10.0568988634526,6.09030671903577,21.7671302432623,-3.16032868495229,6.71294239904799,0.428860613937104,2.0989629076573,6.35739631975336,-4.67435071140019,4.22790644083419,12.2491277855038,10.9816819523264,-13.8143528734742,0.59591845665075,17.4502252193757,1.7376183729709,0.738360674413656,8.52883153644299,-8.219284869959,2.76704278331297,5.34304746165996,-7.26245238106972,13.5039893920889
Gross fixed capital formation (annual % growth),NE.GDI.FTOT.KD.ZG,"Macao SAR, China",MAC,36.9064449064449,4.27321873291623,0.643695569859901,-7.49840828847601,-22.050495885868,1.91852297812562,-12.4364982475485,1.81695525073083,-30.1691770837935,-3.7004238092226,7.86915396741988,48.361953477043,38.0725660811033,63.3085612366231,41.7569215647014,24.1444842508058,-14.9762101779065,-32.2453498132626,-16.6998832929347,17.1185929214985,20.2388839811543,9.32147612998024,37.1714993769514,5.44135058996449,-11.628897515077,-3.11534669733815,-9.80598331185129,-17.8193122986474
Gross fixed capital formation (annual % growth),NE.GDI.FTOT.KD.ZG,Madagascar,MDG,9.60179760356526,8.51722785118821,-12.0949171553435,2.64779576711325,11.5737261470418,7.31372502284297,17.9043330785401,2.8645636675009,16.3698962019571,23.0844842805604,-36.3908303262953,43.7949088105277,27.1159103615214,-0.0647909135815752,18.9711962598098,33.889395660801,62.3764320373497,-13.0860200715989,-17.5705813674404,0.648649543286865,3.04914780139416,-7.92205788841068,-1.12338891071852,1.05531316428329,11.4720647258642,-1.7875854423862,10.6695317417586,12.7505988847158
Gross fixed capital formation (annual % growth),NE.GDI.FTOT.KD.ZG,Malawi,MWI,..,..,..,..,..,..,..,..,..,..,..,..,..,..,..,..,..,..,..,..,..,..,..,..,..,..,..,..
Gross fixed capital formation (annual % growth),NE.GDI.FTOT.KD.ZG,Malaysia,MYS,10.9901654614288,17.7992535583046,16.1200386867272,22.8400416127607,8.21661768103571,9.16230458636474,-42.9659716728375,-6.54076507603328,26.4194838545167,-2.0623245737618,0.577694206001027,2.84372462885494,3.5535552894175,4.97537986662779,6.26371278438494,10.7939850574309,2.49016725149751,-2.48733850113443,11.0367007625989,6.35079115952205,18.9835506851457,8.1298267985525,4.79057114940026,3.61273775316656,2.55127322467563,6.05479094571501,1.35911397243132,-2.10277276575461
Gross fixed capital formation (annual % growth),NE.GDI.FTOT.KD.ZG,Maldives,MDV,..,..,..,..,..,..,..,..,..,..,..,..,..,..,..,..,..,..,..,..,..,..,..,..,..,..,..,..
Gross fixed capital formation (annual % growth),NE.GDI.FTOT.KD.ZG,Mali,MLI,2.12988029345324,2.34590926244465,3.43378190988055,16.5609876832828,3.00782197244934,1.29507448765858,-13.682926315401,1.7701511485517,5.69932000659684,15.4546743714979,3.30448292207515,9.50778243277581,10.3780264862679,8.78577136129157,8.65269247352995,4.92538130669497,21.529514227507,-1.02754024790319,10.6920618800347,15.0772515576825,-24.1022023348622,15.8561200040957,8.58697686416625,9.27892021213053,8.06805804772691,-3.68139938773054,-0.89999998869277,6.11485387429556
Gross fixed capital formation (annual % growth),NE.GDI.FTOT.KD.ZG,Malta,MLT,..,..,..,..,..,..,..,..,..,-10.1966794865458,-16.0095167880145,32.0863613785399,1.63365042823551,14.3170029849437,2.46853369547236,6.93158876699309,-7.20507867817865,-8.67279181486104,25.3442997899805,-12.7962581251442,0.934514575402318,-0.108041814218382,9.0107575762768,62.3025365050962,-2.54856378268427,-2.34644088738553,3.87538387766848,11.3561992081289
Gross fixed capital formation (annual % growth),NE.GDI.FTOT.KD.ZG,Marshall Islands,MHL,..,..,..,..,..,..,..,..,..,..,..,..,..,17.9899628708912,51.1978338454908,-8.0108981667489,-24.2840266565544,76.6798939610146,27.8587736193166,-51.6687383030818,-14.4131144785529,53.7979802680806,-18.8733419830554,-12.5681049842257,26.5172166049197,25.0091434064092,-6.13359683191088,147.278131594592
Gross fixed capital formation (annual % growth),NE.GDI.FTOT.KD.ZG,Mauritania,MRT,-2.78753249410512,63.2591151744492,-76.3064861894707,429.056311322408,-9.68934760920278,10.7950094296644,-20.0901508496204,1.38643659823951,13.0063265543017,3.11802929941538,37.0637610476607,23.741315837865,-2.75599842684812,8.68555810324317,11.3285334393165,15.5917238581171,-13.5506690695164,-0.7707178759633,4.0434252416884,3.33556946200898,11.7179826705566,3.31366352971602,2.74152509885444,-8.97706636222053,-6.01407091997397,12.8499924301162,18.7372860770075,2.98587872423313
Gross fixed capital formation (annual % growth),NE.GDI.FTOT.KD.ZG,Mauritius,MUS,4.10000019226946,4.80000002024074,12.5999999000516,-16.3000001419368,14.6000007095637,10.8999993446234,-3.89999973535716,23.0999998921959,-7.610628218625,4.55831177440176,0.00516033687682693,13.4415158413021,0.856238039377814,-2.79662672139588,17.5000325529946,5.93993682104693,1.33174690491091,8.92656597234252,-0.674557835032346,1.39985884426513,-0.812354185659885,-2.60220073906078,-5.95704600967593,-5.43654076144976,3.71745674339286,4.56864555957421,10.98858093708,4.89108400936917
Gross fixed capital formation (annual % growth),NE.GDI.FTOT.KD.ZG,Mexico,MEX,10.8490015164182,-1.24315212780185,13.1594952606664,-33.895497614001,18.5716285235167,15.4366740730876,10.6805102558886,4.55471131238792,4.91848643306605,-6.85144059744573,-0.555421748209767,1.74922282860526,6.62933563600494,4.94600082612166,9.55661083027198,6.99910079474017,6.53100791080581,-11.9256902514235,6.23068864356613,8.68810134458697,3.73391701355501,-3.96961168319571,2.39818083280205,4.44789231514216,0.560925746723257,-0.544800190051575,0.631616998908896,-4.4324050730724
Gross fixed capital formation (annual % growth),NE.GDI.FTOT.KD.ZG,"Micronesia, Fed. Sts.",FSM,..,..,..,..,..,..,..,..,..,..,..,..,..,..,..,..,..,..,..,..,..,..,..,..,..,..,..,..
Gross fixed capital formation (annual % growth),NE.GDI.FTOT.KD.ZG,Moldova,MDA,..,..,..,..,25.5949221428997,-5.32017128486768,9.24589674070052,-23.0557603848718,-8.73426004744897,17.3220445911062,5.71880869107393,18.567835073751,8.16183949404248,14.4400024636285,21.3073184395445,25.514668962648,2.20346411979342,-30.8599306701502,17.1515288720949,12.7365238582609,1.9079977905899,5.51491576579286,15.9053948915608,-4.81529912104752,-0.983512861478019,9.4075362306221,14.447812562465,11.9955484336594
Gross fixed capital formation (annual % growth),NE.GDI.FTOT.KD.ZG,Monaco,MCO,..,..,..,..,..,..,..,..,..,..,..,..,..,..,..,..,..,..,..,..,..,..,..,..,..,..,..,..
Gross fixed capital formation (annual % growth),NE.GDI.FTOT.KD.ZG,Mongolia,MNG,..,..,..,..,..,..,..,..,..,..,..,..,..,..,..,..,..,..,..,66.1733262512087,14.6702890640915,-7.17031667077849,-21.6720540271309,-30.5227919763528,7.71633601681809,28.215616547605,31.82455006805,13.9994568933251
Gross fixed capital formation (annual % growth),NE.GDI.FTOT.KD.ZG,Montenegro,MNE,..,..,..,..,..,..,..,..,..,..,..,..,..,..,..,79.7826769420843,31.5624401509604,-28.9021196868679,-18.5416920091871,-7.1734524448466,-2.4306174978975,10.6924337701856,-2.53841094177228,11.9474918665355,38.4079588540224,18.7224168391199,14.6557787270587,-1.70889949283301
Gross fixed capital formation (annual % growth),NE.GDI.FTOT.KD.ZG,Morocco,MAR,0.677748028951513,-0.559564344951042,-1.14142510381764,10.1067096025107,1.65204582855606,6.46718846889401,12.7531894714823,10.9709896249087,2.62084243889259,0.426877816081259,7.28184080815382,6.34535315508732,9.15289488077565,7.24181191366773,9.9931133374364,14.3199242104151,15.2096860745566,-2.64227558213318,-1.44777094835312,7.79467519792763,3.61770914459254,-0.51593761798901,-1.25679942185694,2.49933469351549,12.5945207598607,2.12157899852959,2.4436421682191,1.6818028933188
Gross fixed capital formation (annual % growth),NE.GDI.FTOT.KD.ZG,Mozambique,MOZ,..,..,..,..,..,..,..,..,..,..,..,..,..,..,..,..,..,..,..,..,..,..,..,..,..,..,..,..
Gross fixed capital formation (annual % growth),NE.GDI.FTOT.KD.ZG,Myanmar,MMR,..,..,..,..,..,..,..,..,..,..,..,..,..,..,..,..,..,..,..,..,..,..,..,..,..,..,..,..
Gross fixed capital formation (annual % growth),NE.GDI.FTOT.KD.ZG,Namibia,NAM,39.7566420131867,5.53798664703451,6.77493602614656,15.1264617959643,17.3590569752518,-13.301529786042,24.3392251094635,4.19803891835448,-9.00762027181926,35.2851650267597,-0.773923997406371,-4.99200493672699,6.22119101247949,3.59421434261667,29.787797809695,12.1446484524256,17.9954341791899,14.4836269808274,-1.19753753706505,-4.36300160432071,31.2015867884469,13.5093438168812,22.8025008390136,-5.07610863856478,-27.721394756025,-13.7233100159823,-5.97251298560184,-9.52376395295276
Gross fixed capital formation (annual % growth),NE.GDI.FTOT.KD.ZG,Nauru,NRU,..,..,..,..,..,..,..,..,..,..,..,..,..,..,..,..,..,..,..,..,..,..,..,..,..,..,..,..
Gross fixed capital formation (annual % growth),NE.GDI.FTOT.KD.ZG,Nepal,NPL,..,..,..,..,..,..,..,..,..,..,0.131653046713183,3.78025500215988,3.26899059696328,0.525569265770159,11.0940969275235,5.28699418810379,1.85337571783298,0.493013364317648,16.6162672744293,-0.723871310181949,1.93384279170981,8.75898351517255,12.5232966347631,14.9941494820295,6.38735369461942,23.0826677818261,11.8113574244842,11.346110489932
Gross fixed capital formation (annual % growth),NE.GDI.FTOT.KD.ZG,Netherlands,NLD,1.78211085114614,-1.63659196362373,2.03748375603506,5.88947675814826,6.74041644268557,6.37476479310813,6.76498126214406,9.98630106473529,2.33745954289925,1.28907492808985,-4.07474747124935,-1.72918059765246,0.203529652321492,3.26058606649224,6.96907183167228,14.7844612213513,-2.96132462003045,-8.56847463183416,-6.78144311630092,4.90714688161005,-6.30550198711087,-1.59748564220523,-2.40685623499128,28.9898259785322,-7.28432535910261,4.20469375344712,3.58579407973605,6.16915373281866
Gross fixed capital formation (annual % growth),NE.GDI.FTOT.KD.ZG,New Caledonia,NCL,..,..,..,..,..,..,..,..,..,..,..,..,..,..,..,..,..,..,..,..,..,..,..,..,..,..,..,..
Gross fixed capital formation (annual % growth),NE.GDI.FTOT.KD.ZG,New Zealand,NZL,2.71888869741268,17.1816712011953,15.2893197469313,9.39496033704445,4.79308667865837,1.78436944790023,-3.39891821975026,10.5708465127505,-0.145428456039014,8.64831011505775,7.98225497875977,14.4533443280527,8.14503095247785,5.72151844818131,-1.65789572683876,7.77693517635156,-7.13265761853327,-10.0509436924752,3.7603943239819,6.00905037374493,5.4550505215133,9.48359230933849,8.08758659008204,3.38809716706731,2.32792251169005,6.79326848694717,5.29354659355381,2.81679091766314
Gross fixed capital formation (annual % growth),NE.GDI.FTOT.KD.ZG,Nicaragua,NIC,17.8578757281244,-5.68811192776954,15.7445707400569,5.18474520259826,12.4800398347846,11.8907972546885,6.87889549676579,36.0912924451688,-11.0723627700917,-5.42912294762692,-6.27677496402829,0.596156262807753,6.73081677527333,9.93553327730976,1.89847395776381,12.6127371367359,8.59185614777994,-24.5782587809771,7.43696377055936,22.0497977402706,20.6320180576588,5.33159639981051,3.32576285669313,16.9967355821545,1.4155505952381,2.05608847966839,-21.9941770604939,-27.4652105796701
Gross fixed capital formation (annual % growth),NE.GDI.FTOT.KD.ZG,Niger,NER,-3.29325944690056,8.94235215554298,21.1162775331056,-1.07392541724181,18.5299952449307,-5.33767951303909,20.7510386289283,-9.92460758198645,5.00507418612798,23.4334110061092,8.56258337225833,-6.28628196138268,6.36769384218128,32.1072090975064,7.91952200293102,4.37347094757159,51.3396735313927,9.39655812477189,18.7300536018088,1.03406082174129,-0.361924654786648,6.12083707000978,10.0149696073429,12.2695118058034,-13.2806261711079,-0.154003108446943,17.4881133669451,12.4715997828886
Gross fixed capital formation (annual % growth),NE.GDI.FTOT.KD.ZG,Nigeria,NGA,..,..,..,..,..,..,..,..,..,..,..,..,..,..,..,..,..,..,..,..,..,..,..,..,..,..,..,..
Gross fixed capital formation (annual % growth),NE.GDI.FTOT.KD.ZG,North Macedonia,MKD,-16.5774071920724,-7.9254774785738,-8.58611261767939,-20.5107278844818,6.51863124884709,-4.29916657646932,-2.58092243660793,-1.44654964242594,36.5437625161974,9.72116778245567,-0.1006447554647,-4.47690709315872,7.87218615075311,-9.66406452894178,5.93238969779988,17.4550214715601,17.7723411484879,2.68317734359672,-4.02580471138285,13.2901609012343,6.45214640852568,3.46264019031899,4.00465504781748,10.4667111841037,9.86872738263476,-5.65584618358638,-6.40313339795573,8.69272350672752
Gross fixed capital formation (annual % growth),NE.GDI.FTOT.KD.ZG,Northern Mariana Islands,MNP,..,..,..,..,..,..,..,..,..,..,..,..,..,..,..,..,..,..,..,..,..,..,..,..,..,..,..,..
Gross fixed capital formation (annual % growth),NE.GDI.FTOT.KD.ZG,Norway,NOR,-1.97222738334922,5.2558151096528,5.25285683500172,3.22738070863824,9.36014128515149,14.760248447205,12.3106232815916,-4.92854306499555,-3.2899032047461,-0.612813954463505,-0.353543983107514,0.489012047478624,10.1470219574418,11.8844887139529,9.06637128053649,12.2519924455555,1.12984095380246,-7.01574902077733,-6.42123643620339,7.45099470358817,7.54256147029595,6.33428306614947,-0.251935031495108,-4.00385782990595,3.94307961813934,2.63478150307617,2.22431782614521,9.51339854328712
Gross fixed capital formation (annual % growth),NE.GDI.FTOT.KD.ZG,Oman,OMN,..,..,..,..,..,..,..,-14.2855472458491,-12.072181241405,11.9211235610636,10.515466092021,21.0560752541718,19.9117595673652,15.9765616479031,2.51714699450427,31.7040431287395,33.5889325701158,-5.67889575232199,-9.08673752707116,9.23060907506807,7.11444366778929,9.55590095274258,2.70855669991444,1.26531559079694,15.1148503717279,-3.45170685818695,0.50872229196726,-10.4119089121093
Gross fixed capital formation (annual % growth),NE.GDI.FTOT.KD.ZG,Pakistan,PAK,10.036844219967,4.32770969227016,-0.955516551096053,4.30879901282535,5.23061765857682,-3.81848578671089,-3.69196845015051,-4.498715985462,5.04217108652863,4.88808456634924,-2.64368625018658,9.3110507213278,9.65323762128725,9.45004912494636,19.1603390856797,3.38863162516203,3.70612384923173,-4.13552070129991,-7.6944962437536,-8.6189310021169,3.68339754535893,2.44533412849042,3.34626992252669,13.6601909505133,9.3846797764368,7.73067385217867,10.2934159401959,-11.0634328324494
Gross fixed capital formation (annual % growth),NE.GDI.FTOT.KD.ZG,Palau,PLW,..,..,..,..,..,..,..,..,..,..,..,..,..,..,..,..,..,..,..,..,..,..,..,..,..,..,..,..
Gross fixed capital formation (annual % growth),NE.GDI.FTOT.KD.ZG,Panama,PAN,..,..,..,..,..,..,..,..,..,..,..,..,..,..,..,..,..,..,..,..,..,..,..,..,..,..,..,..
Gross fixed capital formation (annual % growth),NE.GDI.FTOT.KD.ZG,Papua New Guinea,PNG,-7.76655208589847,-8.70287413059036,6.22159139122054,0.445269851248483,-7.91134107549385,-14.7194909130859,-5.18887917629812,-5.22567944871575,72.6207338749824,5.75685864769835,-2.82294438032847,-6.16702274891129,-0.48020275782865,..,..,..,..,..,..,..,..,..,..,..,..,..,..,..
Gross fixed capital formation (annual % growth),NE.GDI.FTOT.KD.ZG,Paraguay,PRY,3.31734993092003,6.91558132324492,8.20759866145625,4.78333661593362,-5.56708804979152,2.93950927543275,-10.5025134813899,-10.9898933533361,-2.0099096738104,-6.19762948530332,-0.299156918387084,11.1929281776007,4.06506572569434,1.78876609765692,4.54861708846619,11.8296014735896,16.5948909251643,-6.48348646272244,27.6263106770947,2.64188840565723,-8.34055836805729,7.90586578544278,7.07700263707292,-2.05041882615944,2.0278769339296,5.88772726196818,6.87748382551625,-6.10603117109156
Gross fixed capital formation (annual % growth),NE.GDI.FTOT.KD.ZG,Peru,PER,1.48926460449684,11.5280706471538,36.6154845171296,21.3666726846001,-2.84120490888806,15.2542805379061,-1.17785108596985,-11.0563459168814,-5.15365239294711,-8.10538057045733,0.491301080862371,5.61658805935809,7.36555479918313,11.123510017753,18.8698192441117,22.6710698103064,27.818819257497,-3.4041094213014,21.873336206678,9.9291665366493,14.8892484411517,5.37871737644433,-2.01166044047079,-7.15903652895199,-4.46462320882443,1.28768872463066,4.75501380516516,2.84503580660198
Gross fixed capital formation (annual % growth),NE.GDI.FTOT.KD.ZG,Philippines,PHL,..,..,..,..,..,..,..,..,..,-4.54773497871176,3.91419344947084,9.57924099689089,4.34423487186046,-0.989216484900908,5.04635576606003,11.004502425527,8.44192204400569,2.10306066854982,19.9397770919272,-4.15709876987798,12.8214886940217,11.8382067801607,7.98492674771505,13.7811275912022,20.8912537241849,10.5564654913275,12.9489239236545,3.85631422986353
Gross fixed capital formation (annual % growth),NE.GDI.FTOT.KD.ZG,Poland,POL,..,..,..,..,19.7363146407732,22.2944721374898,14.2459969825279,6.84849808033314,2.18485552244161,-10.5638954730343,-6.10324030145382,1.20102679660367,6.70343291976081,8.34592734019952,15.3748020630122,19.0439107500882,8.80663850026563,-2.66661352040816,-3.47304694431931,10.6699286903706,-2.00107976526287,0.25035287367939,11.6871250426781,6.91778488807111,-7.61468039799803,1.64439361695857,12.6317590393588,6.24205100743023
Gross fixed capital formation (annual % growth),NE.GDI.FTOT.KD.ZG,Portugal,PRT,4.52385115229752,-5.54300797300607,2.72243493000468,6.55083935172468,5.18714644234373,14.1622622811952,11.7344357459158,6.06948224244623,4.05739510229306,0.972503520902919,-3.39189161412881,-7.31388315576147,0.188837516108791,0.110166375404489,-0.756773731836262,3.0861913759062,0.423458350226696,-7.53824116075262,-1.12554812089853,-12.5922648505205,-16.712487299356,-4.80550257839052,2.28849558505443,5.9191503704447,2.5472374879803,11.4889872370424,6.18255800513796,5.38774382413703
Gross fixed capital formation (annual % growth),NE.GDI.FTOT.KD.ZG,Puerto Rico,PRI,-1.21009805967034,8.34213305174234,2.44639376218323,10.1417562553515,10.9786645935907,12.1341843088418,3.86617616436456,26.4635124298316,1.56415134221095,-0.905306971904267,-4.06384542686128,-0.147767075306476,6.37434913674979,-4.22531945589448,-0.761299659187813,-2.54737499484996,-9.20388461850834,-12.5107217252788,-6.40056022408963,9.5915008229837,5.29082468596395,-7.67036244569799,-6.08848314606742,-4.35205264338593,-4.40153232741771,7.21295387634937,63.859649122807,4.57592402941998
Gross fixed capital formation (annual % growth),NE.GDI.FTOT.KD.ZG,Qatar,QAT,..,..,..,..,..,..,..,..,..,..,..,..,..,..,..,..,..,..,..,..,..,..,..,..,..,..,..,..
Gross fixed capital formation (annual % growth),NE.GDI.FTOT.KD.ZG,Romania,ROU,10.9659692258166,8.30365469667296,20.7160200709325,7.11198716288062,8.40122893134432,-1.43781937321407,-4.68377053089343,-1.91192133356452,5.85160513218068,10.5466811710371,7.30760432806639,10.2582769071124,9.60626847867918,11.5252065531214,26.5452988239226,50.9975840084707,17.8461185264198,-33.9397461349053,-2.75300492403308,8.9304704172559,2.58890881579272,-5.36558666374999,5.35877131468041,7.7356387597502,-2.20304743868562,5.53359023966794,0.0183992027567257,12.5671738696145
Gross fixed capital formation (annual % growth),NE.GDI.FTOT.KD.ZG,Russian Federation,RUS,-41.5000000003581,-25.8000000011463,-25.9999999983501,-7.49999999870788,-15.8418089924161,-7.8998097644028,-12.3999944923726,6.39933350156508,18.0994873448251,10.2004053151267,2.80048131439405,13.9003301714231,12.5994939315551,10.5998639518454,18.0002179817707,21.0000263903638,10.5999225772075,-14.3999447867416,5.90020617590801,9.09980802861685,6.19685015196636,1.91569219798697,-2.13686325493441,-10.6248641337166,1.25830356032886,4.65679863776363,0.615108409031791,0.966742873943687
Gross fixed capital formation (annual % growth),NE.GDI.FTOT.KD.ZG,Rwanda,RWA,5.72630543698156,11.1442868021137,-81.7722328799132,155.784923737484,9.32139938931347,36.2063746445319,29.5577143245052,18.0286666654103,16.730296510929,0.109375388406917,7.72240490658267,9.89077210325445,11.9015441412232,16.0501298770854,24.3526257251376,27.6714504678031,32.6844703091753,2.73304553286719,6.99951271577255,9.33596147867057,21.8727613103387,7.21241790473283,4.85558116305154,18.7870954179633,9.01626261670256,-10.2219429926447,5.96460489928434,32.0514308949323
Gross fixed capital formation (annual % growth),NE.GDI.FTOT.KD.ZG,Samoa,WSM,..,..,..,..,..,..,..,..,..,..,..,..,..,..,..,..,..,..,..,10.8630331177401,6.4679153841887,-12.1509474917862,8.81339184749142,2.25946104092567,14.7241256746349,-9.23210545412006,1.66872740982649,6.86904888903221
Gross fixed capital formation (annual % growth),NE.GDI.FTOT.KD.ZG,San Marino,SMR,..,..,..,..,..,..,..,..,..,..,..,..,..,..,..,..,..,..,..,..,..,..,..,..,13.6608266356892,7.80504330925369,2.25845778742766,17.8268860779854
Gross fixed capital formation (annual % growth),NE.GDI.FTOT.KD.ZG,Sao Tome and Principe,STP,..,..,..,..,..,..,..,..,..,..,..,..,..,..,..,..,..,..,..,..,..,..,..,..,..,..,..,..
Gross fixed capital formation (annual % growth),NE.GDI.FTOT.KD.ZG,Saudi Arabia,SAU,..,..,..,..,..,..,..,..,..,1.53342660595241,1.8361437091931,14.8454041685345,22.9575234824275,22.9346304827366,20.1092862905628,20.6454773277204,12.0818076351582,-4.7153705102604,10.6036232131027,15.634273182588,5.0082094673882,5.71752610879844,7.68128351834423,4.00135164364256,-13.5268304165974,1.03939785925731,2.44113608303324,4.82788804844665
Gross fixed capital formation (annual % growth),NE.GDI.FTOT.KD.ZG,Senegal,SEN,4.99575292433757,-0.0127538163138752,-2.23454860900026,4.30555877404034,7.63592821031698,-0.261808505526901,21.7037649031447,-24.7640934996683,1.47574948081758,7.63110880456497,-2.02613488261277,5.32873759315322,6.9782275658248,4.08312768502554,15.8633776596077,5.10742555130987,11.6798578070585,-0.0536358554557381,-2.21783321776205,11.8177498237603,5.56618357493717,18.9127901554001,18.0203609159932,5.88163275087194,15.2588732305969,15.4344295607088,13.7068968802762,10.2500559596934
Gross fixed capital formation (annual % growth),NE.GDI.FTOT.KD.ZG,Serbia,SRB,..,..,..,..,10.4331538497713,22.9801275906999,3.6456233598884,-17.5950460185148,4.94901702714374,4.5027265107905,29.6893451772327,21.379761760247,18.9856169409791,5.57647472193486,15.5550418635781,25.4951604421082,8.09170763888498,-22.5238796771777,-6.50503690062257,4.6672675803259,13.9131073478542,-11.9549613569834,-3.44394951131285,6.19689677315687,5.08030967762376,6.64202772134763,17.5181596690892,17.2276080075558
Gross fixed capital formation (annual % growth),NE.GDI.FTOT.KD.ZG,Seychelles,SYC,2.90976515674916,42.3128977678522,8.18388798788389,-0.520748462189218,33.9653746157333,20.5391106849471,39.508676824873,22.0408518501409,-22.7189400367244,22.2222217868392,-16.0000725838863,-29.8701026081842,-5.73041028662473,5.67553880608673,5.95840959644656,28.3099040398601,-16.583025539934,-5.67127390849539,51.1654594904255,-2.7010270557584,16.8330218681491,19.2441045327704,-0.073512880043495,1.8269683623285,-5.95185233512703,-2.00535485592049,2.96748716823659,-1.68957959499933
Gross fixed capital formation (annual % growth),NE.GDI.FTOT.KD.ZG,Sierra Leone,SLE,-36.4924667678165,1.11562515179951,16.7445726355602,-42.0169170476813,150.968434902407,-120.285766929792,-294.161808975177,-94.8205570892556,2357.67546754675,35.0350734346541,24.3698453949985,20.1717001298013,0.453788334135481,26.4289041921588,-3.43964038853127,-1.48990273492464,-0.440255267274239,10.9918013741826,257.680185680844,42.1912978690593,-28.0965188387884,-13.2822176684106,-5.30351174239419,-15.2099069241083,8.41933025656867,4.33799072373589,-33.7270966454365,0.906201369572116
Gross fixed capital formation (annual % growth),NE.GDI.FTOT.KD.ZG,Singapore,SGP,11.9564266493101,9.77780139339062,9.90285346589906,12.2581948844957,24.1142804393981,10.5536879058109,-5.0219401888084,-4.50282621938263,11.4147647621661,-5.2071925730891,-9.15398864025423,-5.15637260396817,10.2940876801878,3.63987399654506,9.43817340397463,15.5048053428897,10.7558483903177,5.48696635394066,6.75048645412363,6.36544967705753,8.62966719182874,6.15890190030122,4.22024167290454,1.96001599218789,0.592516250820879,5.09598194457979,-5.00545284011321,2.33156794942784
Gross fixed capital formation (annual % growth),NE.GDI.FTOT.KD.ZG,Sint Maarten (Dutch part),SXM,..,..,..,..,..,..,..,..,..,..,..,..,..,..,..,..,..,..,..,..,..,..,..,..,..,..,..,..
Gross fixed capital formation (annual % growth),NE.GDI.FTOT.KD.ZG,Slovak Republic,SVK,..,-3.22804271136732,-2.50943772764673,0.622933794893981,28.7477344360559,13.5396435679545,8.40125470543957,-15.0910169464909,-12.2304457666398,12.9899268430812,-0.273068335666849,-4.44394135150489,5.90560466070372,16.9416391870139,6.83516093646139,10.1146369921735,3.69065161243398,-19.7349232264513,8.55715531075829,14.0958482879184,-9.96947866328699,1.20742153150692,2.98883231790479,21.3944641460802,-9.21193629208176,2.9054626145947,2.78911921960024,6.72201138884469
Gross fixed capital formation (annual % growth),NE.GDI.FTOT.KD.ZG,Slovenia,SVN,-12.8719780117797,10.7237178848677,14.1277802578714,16.7591018782972,8.11810321212079,12.1921425403002,7.99974842698504,13.3657560716676,2.37549831678496,2.0049950990948,-0.366350320481047,5.78878411870565,5.54413808924849,3.6125344784105,10.2491746278731,11.9264920626278,7.04769540226783,-22.0765406869664,-13.4210878192748,-4.94029591903721,-8.54973301772684,3.42974069632011,-0.0628898006419121,-1.21299542743181,-3.59031656636269,10.181190002493,10.1523950964547,5.03577916462376
Gross fixed capital formation (annual % growth),NE.GDI.FTOT.KD.ZG,Solomon Islands,SLB,3.94737388958086,23.5081422732237,10.102483990791,-12.6329804233386,-13.546428302305,7.21830962077968,57.7996890627859,-33.402706399878,-24.2187512908345,-5.56701210747434,-29.6943255271936,57.4534222683443,15.2256351915055,70.9560638472931,1.0010588122052,15.057657485943,4.04207736271019,-2.83416925404029,85.1618189266694,-41.1212885525908,4.85495265293852,-2.63761467889908,-6.65488810365136,19.9211356466877,4.94541628304617,19.3382629402181,6.5217391304348,20.0433796707089
Gross fixed capital formation (annual % growth),NE.GDI.FTOT.KD.ZG,Somalia,SOM,..,..,..,..,..,..,..,..,..,..,..,..,..,..,..,..,..,..,..,..,..,..,..,..,..,..,..,..
Gross fixed capital formation (annual % growth),NE.GDI.FTOT.KD.ZG,South Africa,ZAF,-5.25977389223267,-0.554990272593585,8.24715589962392,10.6912658567569,9.00821947875615,5.74187109446336,4.76528494291333,-7.59510651094973,3.86570886651938,2.84889053541812,3.49260992983974,10.2370130858653,12.8769809243088,10.9837365104473,12.1446524403842,13.7587117012947,12.8225168373093,-6.6767501105854,-3.91225200787746,6.8435096827062,1.75743845962717,5.35786883434454,-1.31728948668591,1.34958152451684,-1.93196563905181,-2.03313639511416,-1.21450721198484,-1.7435420259347
Gross fixed capital formation (annual % growth),NE.GDI.FTOT.KD.ZG,South Sudan,SSD,..,..,..,..,..,..,..,..,..,..,..,..,..,..,..,..,..,..,..,..,..,..,..,..,..,..,..,..
Gross fixed capital formation (annual % growth),NE.GDI.FTOT.KD.ZG,Spain,ESP,-4.1348889813104,-8.9058524173028,1.84813619047164,7.74535125294436,2.43828316595167,5.54010887038352,10.7921005667667,9.90547668778984,7.52509797605627,4.18100026462027,4.05825717311812,6.5329826969221,4.57257234754489,6.96760110959069,7.21830373533787,3.93371830640686,-4.29292316229386,-17.2856640708516,-5.37817187719052,-7.56134827298824,-7.41551422746922,-3.78264915279912,4.08035895013832,4.86902311610997,2.35573505321396,6.81698079971815,6.32774217866566,4.50170603093012
Gross fixed capital formation (annual % growth),NE.GDI.FTOT.KD.ZG,Sri Lanka,LKA,6.60004263437327,12.9999691878763,9.00002307346706,0.951366594724519,2.45797980003569,5.1174693154114,15.26488063509,6.41073821379578,9.9547810254722,-17.470882205465,4.42055915386919,13.8170435210756,17.8440909584841,9.81179621640986,12.8708142877158,9.1434275716834,5.29692518674449,1.34403932076764,..,..,..,..,..,..,13.3535705417995,12.0654064437282,0.636176819733606,-10.5510082009086
Gross fixed capital formation (annual % growth),NE.GDI.FTOT.KD.ZG,St. Kitts and Nevis,KNA,..,..,..,..,..,..,..,..,..,..,..,..,..,..,..,..,..,..,..,..,..,..,..,..,..,..,..,..
Gross fixed capital formation (annual % growth),NE.GDI.FTOT.KD.ZG,St. Lucia,LCA,..,..,..,..,..,..,..,..,..,..,..,..,..,..,..,..,..,..,..,..,..,..,..,..,..,..,..,..
Gross fixed capital formation (annual % growth),NE.GDI.FTOT.KD.ZG,St. Martin (French part),MAF,..,..,..,..,..,..,..,..,..,..,..,..,..,..,..,..,..,..,..,..,..,..,..,..,..,..,..,..
Gross fixed capital formation (annual % growth),NE.GDI.FTOT.KD.ZG,St. Vincent and the Grenadines,VCT,..,..,..,..,..,..,..,..,..,..,..,..,..,..,..,..,..,..,..,..,..,..,..,..,..,..,..,..
Gross fixed capital formation (annual % growth),NE.GDI.FTOT.KD.ZG,Sudan,SDN,22.3309375157814,3.36856984473108,0.722807451553436,3.11321913255551,65.3449296270981,46.150638487688,19.2824345191046,-3.31260963764099,17.5659614304988,2.31268864439329,12.8165865319129,8.20000104497738,8.99999832510581,8.29718215260009,13.5843942469869,6.0975969830191,3.98686279908038,-28.320000075287,-12.3199990908154,-6.81999999578862,-59.9999989956408,-40.0000037663469,-49.9999947689623,-40.0000041848297,-30,-29.8994146219953,-2.09993077932249,-0.200065914314294
Gross fixed capital formation (annual % growth),NE.GDI.FTOT.KD.ZG,Suriname,SUR,..,..,..,..,..,..,..,..,..,..,..,..,..,..,..,..,..,..,..,..,..,..,..,..,..,..,..,..
Gross fixed capital formation (annual % growth),NE.GDI.FTOT.KD.ZG,Sweden,SWE,-10.5626047148652,-16.9284712222378,7.62829248175576,7.95101238434579,5.02465353868946,1.76790079918301,7.73712404522287,6.045828279647,6.49117790629892,2.37426624714621,-1.41064876801892,2.41294113670001,5.45530217138592,4.89383534612044,9.00251958451506,8.28030708802,0.390231247739692,-12.6659563961032,6.23776788412135,5.9521210368858,-1.07776960948117,0.537099258645384,6.02761419864393,6.89927991439674,4.04097596066435,5.54637986595156,1.40582974369681,-0.33684614046733
Gross fixed capital formation (annual % growth),NE.GDI.FTOT.KD.ZG,Switzerland,CHE,-8.05463870483331,-3.48036778555502,3.94662502287038,4.80742560464309,-1.251908208912,4.17484094481513,8.15838961162811,2.90807880494084,4.77740999663303,-1.42151832689635,1.05153142138552,-0.480647169932809,5.52247195984094,3.2984595916059,4.60547618012401,5.01744700231559,0.436537500843343,-7.03808741269394,3.60489291545673,2.82968411270529,4.761439811359,1.11823947765318,2.45688381177402,2.11461906212402,2.63859707179218,3.53777376411659,0.788176544851282,0.898245899538026
Gross fixed capital formation (annual % growth),NE.GDI.FTOT.KD.ZG,Syrian Arab Republic,SYR,32.559308598055,1.43011332973558,20.7005888570134,-0.0166791760487115,-0.29491319423758,-5.02357320840629,3.22188947050535,-2.60384603663182,-2.31612148216756,14.1301283858238,0,30.1973639894919,10.2710136929604,12.6779451610255,7.10496091161133,-8.28395465693023,-5.86755869854714,11.4871964216025,13.5715247391451,13.0320875108544,-51.2485775864329,5.50138489256999,-35.2893497277788,110.924144667911,-11.8291658107528,66.8399181609079,17.8581947068024,-12.9851077442746
Gross fixed capital formation (annual % growth),NE.GDI.FTOT.KD.ZG,Tajikistan,TJK,..,..,-43.0000021320291,2.29693415606593,-34.7116195663079,30.7184905216571,-27.8620317731148,19.4259735072691,-58.7861111059309,31.6706636500754,-31.7040607622313,31.0185631680246,37.99268379329,-36.3233525323552,-13.2628576173944,90.0372722554334,1.89480150435087,-1.9925010138161,5.96715057938979,5.63113242808133,5.33094012971533,5.06113410091116,..,..,..,..,..,..
Gross fixed capital formation (annual % growth),NE.GDI.FTOT.KD.ZG,Tanzania,TZA,-1.90192849267955,-11.4373138404771,1.23585130674348,-14.8907895967715,-2.64265436833995,0.414065093760854,14.0749721405007,6.19999478856965,5.89905491022746,11.9881055618244,7.93245426856157,13.981841189406,10.3829937030817,18.6927689599781,16.0396898825252,14.4999999963064,12.5539540955372,-0.795372678142172,11.4919561549652,21.7236596770016,0.995540842733789,17.4544802224415,7.22309278350515,7.08099943137401,15.990142398478,14.5095537483849,8.89270181561706,8.00000000007357
Gross fixed capital formation (annual % growth),NE.GDI.FTOT.KD.ZG,Thailand,THA,6.63667461437936,9.27592295142348,11.5262387262683,11.869941015473,6.98644927224652,-21.7896544337061,-44.0264725322491,-4.48934453430452,3.09186165151499,1.83492752160323,6.19216137234363,12.6386047843469,15.8647849975842,14.2793848824411,2.61300637340618,1.75484388494897,2.33584309733628,-10.8707165395094,11.5992504253252,4.86938184235201,10.7266439279161,-1.01148356366068,-2.21086626486201,4.36623063553405,2.87885522988347,1.84433355123312,3.9353283134719,1.98036625389344
Gross fixed capital formation (annual % growth),NE.GDI.FTOT.KD.ZG,Timor-Leste,TLS,..,..,..,..,..,..,..,..,..,0.727148929859084,-6.18847612581919,-22.5844553846648,-32.151033900033,-5.86007169846238,-27.2778590352385,74.7882716768883,88.4282992123973,76.0441538902907,3.06929437410805,68.7987394226517,-13.5366576066948,-21.2705952668508,6.14062016382981,-3.60314930193491,15.3359455400609,-16.6856774373624,-1.4663970123249,-10.6428679676617
Gross fixed capital formation (annual % growth),NE.GDI.FTOT.KD.ZG,Togo,TGO,-12.3999980420426,-45.8000023447105,2.2000021136972,20.2000028710563,40.6071988381294,-6.16612123048334,28.430112955067,-3.30274679531054,3.79636522724618,4.14887738711877,3.68314447014477,8.7349467548687,-7.79625778274287,8.13395130333485,9.05338671512968,-11.4571120675612,14.7572415214928,9.47872528814983,6.28824072728287,28.0658494303019,-1.9076962290407,8.12084884939719,22.1908821499613,13.5140774131476,0.563839917313899,-20.6582130485886,9.13225187489026,4.23179187513199
Gross fixed capital formation (annual % growth),NE.GDI.FTOT.KD.ZG,Tonga,TON,..,..,..,..,..,..,..,..,..,..,..,..,..,..,..,..,..,..,..,..,32.026316731855,-36.1160293840648,8.08173133624248,5.03969228251084,18.9396536499725,14.8066467235845,-27.9919357906349,18.5418009318444
Gross fixed capital formation (annual % growth),NE.GDI.FTOT.KD.ZG,Trinidad and Tobago,TTO,..,..,..,..,..,..,..,..,..,..,..,..,..,..,..,..,..,..,..,..,..,..,..,..,..,..,..,..
Gross fixed capital formation (annual % growth),NE.GDI.FTOT.KD.ZG,Tunisia,TUN,18.3634758694432,3.90140875449414,1.00454065233244,-6.75214171381124,2.19416672215328,8.57250536448684,5.79992953703885,8.49994092322758,4.29968007812936,12.8056983966191,-1.70029121207077,-1.7723011856209,0.999925988578653,2.70056417404385,9.45631507693483,6.29899174135264,5.30007630009375,3.48381370706534,40.3838345339306,-13.1406107675344,6.42455017110058,0.523804584586657,-2.50735180312645,-0.29105148965445,1.0508438594629,-0.362394957983199,-0.158136102472199,0.49627791563276
Gross fixed capital formation (annual % growth),NE.GDI.FTOT.KD.ZG,Turkiye,TUR,4.31868880365687,24.8734825775139,-15.9128296647299,11.6369574798821,14.0730495513643,14.8360820533036,-5.8347284197981,-14.4378932538132,21.9085175140551,-27.0099061538523,17.8210192227686,19.3941875710418,31.918654077344,19.5688781386878,15.386130760032,5.49716597176935,-2.7183401370292,-20.5555805521552,21.9634933702278,23.675550916042,2.86239930981671,14.2437199506608,4.91037661324378,9.28107434750078,2.20500978197443,8.25650960134412,0.144158235005776,-12.4717916561249
Gross fixed capital formation (annual % growth),NE.GDI.FTOT.KD.ZG,Turkmenistan,TKM,..,..,..,..,..,..,..,..,..,..,..,..,..,..,..,..,..,..,..,..,..,..,..,..,..,..,..,..
Gross fixed capital formation (annual % growth),NE.GDI.FTOT.KD.ZG,Turks and Caicos Islands,TCA,..,..,..,..,..,..,..,..,..,..,..,..,..,..,..,..,..,..,..,..,..,..,..,..,..,..,..,..
Gross fixed capital formation (annual % growth),NE.GDI.FTOT.KD.ZG,Tuvalu,TUV,..,..,..,..,..,..,..,..,..,..,..,..,..,..,..,..,..,..,..,..,..,..,..,..,..,..,..,..
Gross fixed capital formation (annual % growth),NE.GDI.FTOT.KD.ZG,Uganda,UGA,-4.63252137064744,5.4518074930306,10.23739238034,40.9282700466406,9.85800937914962,-1.72610664103307,1.91967969990323,15.8358432392907,-7.94950822369495,3.82990368321529,6.54961467981339,13.3203627069858,11.0965354506878,12.8875049961137,20.174773962291,15.9294939389011,6.04713165295155,2.50505587626351,9.16549514253803,13.1664233516181,2.9095294371529,9.85399081092744,2.27097905892914,-0.538534194515933,8.37166899214215,1.97570733308325,9.76657594008358,9.69431970986459
Gross fixed capital formation (annual % growth),NE.GDI.FTOT.KD.ZG,Ukraine,UKR,-13.0309408639283,-34.6270482518901,-50.2598737149446,-9.96312893373215,-20.0329643611498,3.62973900487273,4.32221609180461,0.717886764289943,12.6451181252399,5.87175763058721,2.88141046264718,22.1600120084059,19.6224436716923,3.95607706714785,21.056384650095,23.5165920490395,-1.22430053736616,-49.6727923098109,3.35150105239836,6.54587471622395,3.25847263245154,-7.98488718976942,-28.6124499182598,-9.1942737131873,20.4412038534286,16.0644008126046,16.5898219055475,11.7283678418953
Gross fixed capital formation (annual % growth),NE.GDI.FTOT.KD.ZG,United Arab Emirates,ARE,..,..,..,..,..,..,..,..,..,..,5.80420825316391,7.55128601879618,2.60821113926124,15.0783954551015,14.8854286664014,43.2899515851767,0.368590543211212,9.05508998552082,-9.42604957456174,-0.291976879904936,1.05673432409341,-5.68689337977005,10.8853459483439,4.31581813454298,8.83788920483848,-17.2694219697248,3.60407710536505,0.0218497703917677
Gross fixed capital formation (annual % growth),NE.GDI.FTOT.KD.ZG,United Kingdom,GBR,0.899136590209764,1.55928639935232,6.39644782462057,4.73980491298431,4.66622580446953,-1.47433895340812,5.75554465951838,1.72266285716196,5.72580527479438,1.9870573849728,1.99381581365104,2.51488418903205,2.66060473839649,4.11542365235846,2.87888209763223,4.35994259469756,-3.23034861279915,-12.2721398859198,4.74640303963723,0.105562750620209,1.59421503788488,3.24960829395997,7.03615018775569,7.14619073527911,5.14101383595667,3.50236264729978,-0.478796828231282,2.15791338350158
Gross fixed capital formation (annual % growth),NE.GDI.FTOT.KD.ZG,United States,USA,4.10004365535374,5.09500150889713,6.10475014892143,5.15577874414694,7.65424179493324,7.18113131906657,9.29372067651654,8.32446566454949,6.39754700131002,-0.423110526234311,-1.69569319249307,4.23690530208694,5.99281101751114,6.05938686585405,2.67430665175952,-0.578934550161264,-4.20558845739903,-12.5220832910431,2.23224674676463,4.57650266612366,6.86991081155846,3.56841858169183,5.13342271962689,3.65144983425239,2.12808277994586,3.84140671770223,4.65497456300248,2.63433057165115
Gross fixed capital formation (annual % growth),NE.GDI.FTOT.KD.ZG,Uruguay,URY,17.4413380793024,14.6157893389136,6.39155477977111,-5.184620345695,10.1217192592284,10.1036526732796,7.56752246254699,-9.99661609237647,-8.97151324416524,-6.89637293243732,-21.5568841373906,-2.45639330257458,19.0166773380237,18.9596394981496,13.9071418026048,9.27766848037996,19.3158087679703,-5.83674824209592,16.0198239320576,6.97825804138313,18.1541495032308,3.79627757318337,2.40573050042217,-9.23810520582936,-2.00923047304774,0.945774170456389,-10.5079618853425,-1.957225995344
Gross fixed capital formation (annual % growth),NE.GDI.FTOT.KD.ZG,Uzbekistan,UZB,-32.000000014505,-5.00000000110744,-21.9999999778692,3.99999995640606,7.00000002927132,17.000000004215,4.1958698844148,1.09999998698515,0.899999980642363,4.00000001462091,3.60000000254333,4.50000000469555,4.89783196912106,6.99999999779142,9.10000000422025,22.8999999944483,28.3000000231795,24.7999999902789,9.20000000144519,2.60000000165989,10.5999999980433,11.3000000007709,9.78433866951181,9.43607088660738,4.12415008607437,19.3716302884721,29.9000000011061,38.1000254610652
Gross fixed capital formation (annual % growth),NE.GDI.FTOT.KD.ZG,Vanuatu,VUT,..,..,..,..,..,..,..,..,..,..,..,-10.5718745565489,46.8740082513488,7.82195332757129,34.0280561122244,21.2171052631579,35.3891698532133,-1.03862973760933,-4.88399926348738,-19.3969897885109,-11.413989792855,17.0326691066829,-7.47668963919615,46.9328993490235,-24.7209678793559,29.647444966329,15.3295504146661,-3.69010672924078
Gross fixed capital formation (annual % growth),NE.GDI.FTOT.KD.ZG,"Venezuela, RB",VEN,29.3192554642691,-5.84493108408061,-18.0924879876093,0.797723854102614,-6.27975477775402,23.8694987543492,5.5063836907842,-15.5469972855084,2.62086480587635,13.7711334875543,-18.3498700238793,-37.0255429154496,49.7488998622729,38.1495761246483,29.5242256935412,25.6177374385482,2.43014705920572,-8.34526174473214,-6.29428902180098,4.3694459844057,23.3081052292333,-9.03339953070065,-16.913244965364,..,..,..,..,..
Gross fixed capital formation (annual % growth),NE.GDI.FTOT.KD.ZG,Viet Nam,VNM,..,..,..,14.7489928098711,14.0058280708634,10.1626734028088,12.4107145194144,1.577212943513,10.1803796654939,10.719011955778,12.8639151530021,11.9019954907467,10.441263553732,9.75089280033869,9.90233479859688,24.1571905531432,3.83877773499076,8.72540545110677,10.8942204797105,-4.77369899005654,2.33999981642461,5.84999968257345,9.28000046532237,9.79999979004305,10.0000002516021,10.5000002516021,8.23999956337902,7.67902668498044
Gross fixed capital formation (annual % growth),NE.GDI.FTOT.KD.ZG,Virgin Islands (U.S.),VIR,..,..,..,..,..,..,..,..,..,..,..,..,..,..,..,..,..,..,..,..,..,..,..,..,..,..,..,..
Gross fixed capital formation (annual % growth),NE.GDI.FTOT.KD.ZG,West Bank and Gaza,PSE,..,..,..,-1.73895706153208,1.09845367917556,11.1569403187141,15.1868994679477,35.9393414894676,-26.1950182508363,-20.4322980722615,-16.397638752342,27.4782196434303,2.65977566532729,9.40985425745843,-9.18434094363796,-21.9103669559458,33.7970982134819,18.3882162771523,-5.89957474476729,15.7667513448471,20.3194606092226,1.85123415610407,-5.27918781725887,14.2550911039657,10.9453489075834,6.87068706870686,2.4934919095503,-2.60713663188824
Gross fixed capital formation (annual % growth),NE.GDI.FTOT.KD.ZG,"Yemen, Rep.",YEM,68.9556748036067,-5.40348113737788,17.1716745729324,23.7294713193505,10.9339074291594,12.6414555288327,3.44165194487258,-17.9185363342875,7.43853093353381,7.27386106031777,-1.78518636043337,16.3360127483665,1.7305250241491,-3.5205153783638,-8.77737503489881,8.45070871558042,-7.07257006635635,-8.74047498981207,-7.27639604134825,-58.8277360448956,62.031935326051,-2.38425182730779,-3.55477723632363,-84.8802053991864,-22.7222834594615,41.0586342156284,181.819128122006,..
Gross fixed capital formation (annual % growth),NE.GDI.FTOT.KD.ZG,Zambia,ZMB,..,..,..,..,..,..,..,..,..,..,..,..,..,..,..,..,..,..,..,..,..,..,..,..,..,..,..,..
Gross fixed capital formation (annual % growth),NE.GDI.FTOT.KD.ZG,Zimbabwe,ZWE,..,..,..,..,..,..,..,..,..,..,..,..,..,..,..,..,..,..,84.2750690012894,-5.62651942414628,24.5722977190713,-23.5349225737405,12.7301685695144,5.55410839287238,0.500002633726311,4.48609700192509,3.86247731117197,-3.5710695139975
,,,,,,,,,,,,,,,,,,,,,,,,,,,,,,,
,,,,,,,,,,,,,,,,,,,,,,,,,,,,,,,
,,,,,,,,,,,,,,,,,,,,,,,,,,,,,,,
Data from database: World Development Indicators,,,,,,,,,,,,,,,,,,,,,,,,,,,,,,,
Last Updated: 12/18/2023,,,,,,,,,,,,,,,,,,,,,,,,,,,,,,,
